date,sentiment_mean,sentiment_std,tweet_count,positive_ratio,negative_ratio,neutral_ratio,weighted_sentiment_mean
2025-06-08,0.2370,0.4534,120,0.5000,0.2250,0.2750,0.2307
2025-06-09,0.2347,0.4313,120,0.5667,0.1583,0.2750,0.2332
2025-06-10,0.1856,0.4876,120,0.4750,0.2167,0.3083,0.2036
2025-06-11,0.2331,0.4340,119,0.5294,0.1681,0.3025,0.2570
2025-06-12,0.2641,0.4584,120,0.5583,0.1583,0.2833,0.3119
2025-06-13,0.2437,0.5404,120,0.5500,0.2000,0.2500,0.2427
2025-06-14,0.3025,0.5235,119,0.6050,0.2017,0.1933,0.3373
2025-06-15,0.3745,0.4915,120,0.6250,0.1750,0.2000,0.3497
2025-06-16,0.1819,0.5167,120,0.4583,0.2333,0.3083,0.1641
2025-06-17,0.3235,0.4798,120,0.6417,0.1750,0.1833,0.3212
2025-06-18,0.3161,0.4960,120,0.6500,0.1833,0.1667,0.3321
2025-06-19,0.2721,0.4920,120,0.5500,0.2417,0.2083,0.2621
2025-06-20,0.3238,0.4619,120,0.6000,0.1333,0.2667,0.3081
2025-06-21,0.2944,0.4837,120,0.6167,0.1667,0.2167,0.2812
2025-06-22,0.2692,0.4985,120,0.5583,0.1750,0.2667,0.2703
2025-06-23,0.1878,0.5656,120,0.5000,0.2917,0.2083,0.2004
2025-06-24,0.2190,0.4794,120,0.5750,0.2250,0.2000,0.2052
2025-06-25,0.2776,0.4981,120,0.5750,0.1667,0.2583,0.2843
2025-06-26,0.2831,0.5111,120,0.6083,0.1583,0.2333,0.2633
2025-06-27,0.2600,0.5001,120,0.5583,0.1667,0.2750,0.2806
2025-06-28,0.3407,0.4694,120,0.6250,0.1500,0.2250,0.3478
2025-06-29,0.2128,0.4864,120,0.5500,0.2083,0.2417,0.2322
2025-06-30,0.3619,0.4769,120,0.6750,0.1250,0.2000,0.3420
2025-07-01,0.2634,0.4970,120,0.5833,0.1917,0.2250,0.2588
2025-07-02,0.3206,0.4883,117,0.6239,0.1795,0.1966,0.3461
2025-07-03,0.3557,0.5099,120,0.6417,0.1667,0.1917,0.3599
2025-07-04,0.3214,0.5105,120,0.6000,0.1750,0.2250,0.3217
2025-07-05,0.3703,0.4966,119,0.6303,0.1345,0.2353,0.3616
2025-07-06,0.3478,0.4674,119,0.6134,0.1092,0.2773,0.3445
2025-07-07,0.3479,0.4658,119,0.6387,0.1345,0.2269,0.3572
2025-07-08,0.2783,0.4814,120,0.5667,0.1833,0.2500,0.2909
2025-07-09,0.3101,0.4679,120,0.5750,0.1417,0.2833,0.3091
2025-07-10,0.2555,0.4767,120,0.5917,0.1667,0.2417,0.2556
2025-07-11,0.3186,0.4378,120,0.6417,0.1417,0.2167,0.3005
2025-07-12,0.2835,0.4779,120,0.5333,0.1167,0.3500,0.2409
2025-07-13,0.2852,0.4748,120,0.5917,0.1583,0.2500,0.2867
2025-07-14,0.2220,0.4229,120,0.5250,0.1500,0.3250,0.2194
2025-07-15,0.2837,0.4651,120,0.5583,0.1583,0.2833,0.2787
2025-07-16,0.3197,0.4600,120,0.6000,0.1667,0.2333,0.3060
2025-07-17,0.3758,0.4580,120,0.6500,0.1250,0.2250,0.3622
2025-07-18,0.3430,0.4534,120,0.6500,0.1500,0.2000,0.3676
2025-07-19,0.3032,0.5175,120,0.6167,0.2250,0.1583,0.2819
2025-07-20,0.2822,0.4978,119,0.5546,0.1933,0.2521,0.2748
2025-07-21,0.3344,0.5005,119,0.6471,0.1429,0.2101,0.3107
2025-07-22,0.4692,0.4578,120,0.6917,0.0833,0.2250,0.4882
2025-07-23,0.3639,0.4831,118,0.6271,0.1864,0.1864,0.3623
2025-07-24,0.3736,0.4671,120,0.7083,0.1417,0.1500,0.3740
2025-07-25,0.3602,0.4459,120,0.6583,0.1333,0.2083,0.3573
2025-07-26,0.2821,0.5099,120,0.5833,0.1750,0.2417,0.2806
2025-07-27,0.2795,0.5126,120,0.6417,0.2083,0.1500,0.3004
2025-07-28,0.2241,0.5065,120,0.5417,0.2250,0.2333,0.2412
2025-07-29,0.3128,0.4637,120,0.6417,0.1500,0.2083,0.2978
2025-07-30,0.2406,0.5265,120,0.5417,0.2250,0.2333,0.2622
2025-07-31,0.3791,0.4604,119,0.6639,0.1176,0.2185,0.4062
2025-08-01,0.2707,0.4892,120,0.5583,0.1917,0.2500,0.2790
2025-08-02,0.3094,0.5155,120,0.5917,0.1833,0.2250,0.3318
2025-08-03,0.3254,0.5046,120,0.6333,0.1667,0.2000,0.3174
2025-08-04,0.2471,0.4746,120,0.5667,0.1833,0.2500,0.2332
2025-08-05,0.3668,0.4779,120,0.6583,0.1500,0.1917,0.4093
2025-08-06,0.3146,0.5127,120,0.5750,0.1750,0.2500,0.3210
2025-08-07,0.2373,0.4883,119,0.5378,0.2017,0.2605,0.2287
2025-08-08,0.3893,0.4505,120,0.6750,0.1083,0.2167,0.4087
2025-08-09,0.3523,0.4425,120,0.6083,0.1167,0.2750,0.3867
2025-08-10,0.2927,0.4712,120,0.5250,0.1500,0.3250,0.3152
2025-08-11,0.2286,0.4940,120,0.5583,0.2083,0.2333,0.1985
2025-08-12,0.3392,0.4886,120,0.6250,0.1417,0.2333,0.3186
2025-08-13,0.2942,0.4796,119,0.5966,0.1597,0.2437,0.2842
2025-08-14,0.2665,0.4595,120,0.5667,0.1500,0.2833,0.2743
2025-08-15,0.3398,0.4752,120,0.6083,0.1250,0.2667,0.3616
2025-08-16,0.3505,0.4921,119,0.6639,0.1597,0.1765,0.3429
2025-08-17,0.3098,0.4494,120,0.5917,0.1167,0.2917,0.3221
2025-08-18,0.3369,0.4482,120,0.6083,0.1333,0.2583,0.3023
2025-08-19,0.2545,0.4896,120,0.5750,0.1667,0.2583,0.2428
2025-08-20,0.3560,0.5297,120,0.6750,0.1833,0.1417,0.3593
2025-08-21,0.3282,0.4773,118,0.6271,0.1695,0.2034,0.3617
2025-08-22,0.2737,0.4519,120,0.5833,0.1417,0.2750,0.2559
2025-08-23,0.3293,0.5264,120,0.6000,0.2000,0.2000,0.3089
2025-08-24,0.2971,0.4965,120,0.5917,0.1667,0.2417,0.3263
2025-08-25,0.3003,0.4829,120,0.5750,0.1833,0.2417,0.3052
2025-08-26,0.3034,0.5297,120,0.5833,0.1750,0.2417,0.3476
2025-08-27,0.2688,0.4710,120,0.5583,0.1583,0.2833,0.3056
2025-08-28,0.3291,0.4794,120,0.5583,0.1250,0.3167,0.3204
2025-08-29,0.2358,0.4612,120,0.5500,0.1667,0.2833,0.2200
2025-08-30,0.3431,0.5071,120,0.6167,0.1917,0.1917,0.3334
2025-08-31,0.3568,0.4758,120,0.6917,0.1250,0.1833,0.3621
2025-09-01,0.2737,0.5079,119,0.5798,0.1849,0.2353,0.2881
2025-09-02,0.2508,0.5153,120,0.5500,0.2083,0.2417,0.2639
2025-09-03,0.3753,0.4698,119,0.7059,0.1008,0.1933,0.3905
2025-09-04,0.3214,0.4786,100,0.6000,0.1300,0.2700,0.3255
2025-09-05,0.3728,0.4675,119,0.6891,0.1261,0.1849,0.3786
2025-09-06,0.3061,0.4869,120,0.6500,0.1833,0.1667,0.2800
2025-09-07,0.2707,0.4795,120,0.6000,0.2000,0.2000,0.2724
2025-09-08,0.3058,0.4943,119,0.6218,0.1933,0.1849,0.2896
2025-09-09,0.2953,0.4658,119,0.5462,0.1261,0.3277,0.3142
2025-09-10,0.3458,0.4627,120,0.6917,0.1250,0.1833,0.3619
2025-09-11,0.3390,0.4488,119,0.6639,0.1429,0.1933,0.3332
2025-09-12,0.2556,0.5119,119,0.5630,0.1933,0.2437,0.2357
2025-09-13,0.3554,0.4780,120,0.6250,0.1167,0.2583,0.3754
2025-09-14,0.4020,0.5098,120,0.6833,0.1750,0.1417,0.4400
2025-09-15,0.2580,0.5033,120,0.5250,0.1667,0.3083,0.2548
2025-09-16,0.3825,0.4726,120,0.6667,0.1417,0.1917,0.4001
2025-09-17,0.3863,0.4787,120,0.7250,0.1333,0.1417,0.4165
2025-09-18,0.3008,0.4741,120,0.5833,0.1500,0.2667,0.3125
2025-09-19,0.3277,0.4657,120,0.6250,0.1500,0.2250,0.3472
2025-09-20,0.3523,0.4690,100,0.6200,0.1100,0.2700,0.3593
2025-09-21,0.3187,0.5346,120,0.6333,0.1667,0.2000,0.3446
2025-09-22,0.2362,0.5071,120,0.5667,0.2083,0.2250,0.2549
2025-09-23,0.3459,0.4914,120,0.6583,0.1500,0.1917,0.3525
2025-09-24,0.3532,0.4976,120,0.6500,0.1417,0.2083,0.3691
2025-09-25,0.3659,0.4818,120,0.6667,0.1500,0.1833,0.3809
2025-09-26,0.2467,0.5443,120,0.5833,0.2167,0.2000,0.2502
2025-09-27,0.3338,0.5038,120,0.6083,0.1667,0.2250,0.3495
2025-09-28,0.2481,0.4825,120,0.5333,0.2083,0.2583,0.2699
2025-09-29,0.3237,0.4916,120,0.6250,0.1667,0.2083,0.3208
2025-09-30,0.3361,0.4625,119,0.6134,0.1681,0.2185,0.3620
2025-10-01,0.3678,0.4746,120,0.6500,0.1333,0.2167,0.3880
2025-10-02,0.3274,0.4325,120,0.6167,0.1083,0.2750,0.3183
2025-10-03,0.3273,0.4847,119,0.5714,0.1765,0.2521,0.3174
2025-10-04,0.3753,0.4673,120,0.6417,0.1167,0.2417,0.3668
2025-10-05,0.2765,0.5124,120,0.5917,0.1917,0.2167,0.2774
2025-10-06,0.4365,0.4369,119,0.6975,0.0756,0.2269,0.4183
2025-10-07,0.3728,0.5112,120,0.6583,0.1750,0.1667,0.3924
2025-10-08,0.3141,0.5104,120,0.6083,0.1583,0.2333,0.3061
2025-10-09,0.3893,0.4930,120,0.7000,0.1333,0.1667,0.3784
2025-10-10,0.3891,0.4883,120,0.7000,0.1000,0.2000,0.4202
2025-10-11,0.2606,0.4984,120,0.5583,0.2083,0.2333,0.2771
2025-10-12,0.1844,0.5251,120,0.5250,0.2833,0.1917,0.2152
2025-10-13,0.3007,0.4867,119,0.5714,0.1261,0.3025,0.3132
2025-10-14,0.3408,0.5277,120,0.6083,0.2000,0.1917,0.3758
2025-10-15,0.3726,0.5344,120,0.6667,0.1583,0.1750,0.3800
2025-10-16,0.2249,0.4655,120,0.4917,0.1750,0.3333,0.2378
2025-10-17,0.3054,0.4904,119,0.5966,0.1429,0.2605,0.3068
2025-10-18,0.2824,0.5428,120,0.6167,0.2417,0.1417,0.3011
2025-10-19,0.3128,0.4964,120,0.5667,0.1917,0.2417,0.3178
2025-10-20,0.2124,0.4536,120,0.4417,0.1833,0.3750,0.2172
2025-10-21,0.3199,0.4984,120,0.5917,0.1583,0.2500,0.3519
2025-10-22,0.3819,0.5090,120,0.6750,0.1500,0.1750,0.4090
2025-10-23,0.3092,0.5425,120,0.5750,0.1917,0.2333,0.3257
2025-10-24,0.3563,0.5067,120,0.6000,0.1583,0.2417,0.3773
2025-10-25,0.2711,0.4992,120,0.6000,0.2333,0.1667,0.2708
2025-10-26,0.4207,0.4916,120,0.6750,0.1250,0.2000,0.4373
2025-10-27,0.4153,0.4830,120,0.6333,0.1000,0.2667,0.4528
2025-10-28,0.3179,0.4975,120,0.5750,0.1167,0.3083,0.2972
2025-10-29,0.3513,0.4961,120,0.5917,0.1417,0.2667,0.3781
2025-10-30,0.3614,0.5186,120,0.6250,0.1667,0.2083,0.3795
2025-10-31,0.4858,0.4648,120,0.7250,0.1000,0.1750,0.5464
2025-11-01,0.3983,0.4894,119,0.6471,0.1176,0.2353,0.4272
2025-11-02,0.3648,0.4687,120,0.6750,0.1417,0.1833,0.3717
2025-11-03,0.2873,0.5418,120,0.5833,0.2000,0.2167,0.3312
2025-11-04,0.3621,0.4630,120,0.6833,0.1417,0.1750,0.3617
2025-11-05,0.4060,0.5298,120,0.6750,0.1750,0.1500,0.4308
2025-11-06,0.3565,0.5178,120,0.6333,0.1917,0.1750,0.3366
2025-11-07,0.2649,0.4705,120,0.5250,0.1667,0.3083,0.2776
2025-11-08,0.3958,0.4713,120,0.7000,0.1333,0.1667,0.4070
2025-11-09,0.3864,0.4535,120,0.6333,0.1000,0.2667,0.3856
2025-11-10,0.2911,0.4866,120,0.5833,0.1583,0.2583,0.3239
2025-11-11,0.3032,0.5108,120,0.6250,0.2083,0.1667,0.2722
2025-11-12,0.2228,0.5225,120,0.4833,0.2250,0.2917,0.2455
2025-11-13,0.2879,0.5638,120,0.6333,0.2333,0.1333,0.2933
2025-11-14,0.1593,0.5447,120,0.4583,0.2667,0.2750,0.1512
2025-11-15,0.2310,0.5785,120,0.5833,0.2250,0.1917,0.2366
2025-11-16,0.2962,0.5448,120,0.6083,0.2000,0.1917,0.3019
2025-11-17,0.2126,0.5056,120,0.5167,0.2250,0.2583,0.2508
2025-11-18,0.2950,0.4665,120,0.5750,0.1667,0.2583,0.3067
2025-11-19,0.3378,0.4847,120,0.6333,0.1167,0.2500,0.3861
2025-11-20,0.1876,0.4849,120,0.5333,0.2417,0.2250,0.1970
2025-11-21,0.2029,0.5035,120,0.5417,0.2250,0.2333,0.1912
2025-11-22,0.2895,0.5454,120,0.5750,0.2417,0.1833,0.2910
2025-11-23,0.2657,0.5668,120,0.6000,0.2250,0.1750,0.2661
2025-11-24,0.2777,0.5226,120,0.5917,0.1833,0.2250,0.2732
2025-11-25,0.3000,0.4718,120,0.6333,0.1750,0.1917,0.3137
2025-11-26,0.3388,0.4690,119,0.6555,0.1597,0.1849,0.3613
2025-11-27,0.3111,0.5150,119,0.6050,0.2101,0.1849,0.2827
2025-11-28,0.3390,0.5300,120,0.6167,0.1417,0.2417,0.3404
2025-11-29,0.3205,0.5318,120,0.6083,0.1917,0.2000,0.3505
2025-11-30,0.3145,0.5203,120,0.6167,0.2083,0.1750,0.2835
2025-12-01,0.1666,0.5032,120,0.4750,0.2333,0.2917,0.1646
2025-12-02,0.2466,0.5446,120,0.5500,0.2333,0.2167,0.2579
2025-12-03,0.2316,0.5289,120,0.5083,0.2167,0.2750,0.2395
2025-12-04,0.3878,0.5023,120,0.6833,0.1083,0.2083,0.3581
2025-12-05,0.2820,0.4845,120,0.6000,0.1833,0.2167,0.2823
2025-12-06,0.2296,0.5469,120,0.5750,0.2500,0.1750,0.2320
2025-12-07,0.3255,0.5119,120,0.6083,0.1750,0.2167,0.3271
2025-12-08,0.3693,0.5350,120,0.6417,0.1667,0.1917,0.3680
2025-12-09,0.3244,0.5121,120,0.6250,0.1667,0.2083,0.3545
2025-12-10,0.2525,0.4719,120,0.6250,0.2000,0.1750,0.2401
2025-12-11,0.2799,0.5181,119,0.5798,0.2185,0.2017,0.2985
2025-12-12,0.2823,0.5146,119,0.6134,0.2017,0.1849,0.2900
2025-12-13,0.2990,0.5241,120,0.6083,0.1917,0.2000,0.3142
2025-12-14,0.2864,0.4846,120,0.6000,0.1667,0.2333,0.3062
2025-12-15,0.2215,0.5841,120,0.5667,0.2667,0.1667,0.2110
2025-12-16,0.3016,0.5027,119,0.5882,0.2101,0.2017,0.2863
2025-12-17,0.1664,0.5489,120,0.5083,0.2833,0.2083,0.1974
2025-12-18,0.2100,0.5400,120,0.5083,0.2750,0.2167,0.2301
2025-12-19,0.2031,0.5378,120,0.5250,0.2250,0.2500,0.2097
2025-12-20,0.2854,0.5398,120,0.6333,0.2250,0.1417,0.2907
2025-12-21,0.1951,0.5753,120,0.5250,0.2917,0.1833,0.1306
2025-12-22,0.2553,0.4739,120,0.5417,0.1667,0.2917,0.2586
2025-12-23,0.3175,0.4704,120,0.6083,0.1750,0.2167,0.3085
2025-12-24,0.2412,0.5042,120,0.5417,0.2083,0.2500,0.2077
2025-12-25,0.3044,0.5284,119,0.5714,0.1933,0.2353,0.2882
2025-12-26,0.2469,0.5502,120,0.6000,0.2417,0.1583,0.2642
2025-12-27,0.2323,0.5054,120,0.5750,0.1917,0.2333,0.2383
2025-12-28,0.2931,0.5095,120,0.5917,0.1833,0.2250,0.3020
2025-12-29,0.2114,0.5192,120,0.4667,0.1917,0.3417,0.2033
2025-12-30,0.2384,0.5344,120,0.5667,0.2083,0.2250,0.2515
2025-12-31,0.3892,0.5058,120,0.6667,0.1583,0.1750,0.3882
2026-01-01,0.2402,0.5044,120,0.5333,0.2167,0.2500,0.2150
2026-01-02,0.2618,0.5116,120,0.5750,0.2000,0.2250,0.2972
2026-01-03,0.2231,0.4987,120,0.5417,0.2333,0.2250,0.2034
2026-01-04,0.2877,0.4815,120,0.5917,0.1667,0.2417,0.2750
2026-01-05,0.2787,0.5058,120,0.5667,0.2000,0.2333,0.2865
2026-01-06,0.2924,0.4877,120,0.6000,0.1583,0.2417,0.2908
2026-01-07,0.3072,0.4628,120,0.6333,0.1667,0.2000,0.3100
2026-01-08,0.2816,0.4548,120,0.5917,0.1833,0.2250,0.3037
2026-01-09,0.2806,0.5031,119,0.6218,0.2017,0.1765,0.2781
2026-01-10,0.3437,0.4815,120,0.6167,0.1583,0.2250,0.2976
2026-01-11,0.2781,0.5068,120,0.5917,0.2083,0.2000,0.3042
2026-01-12,0.3081,0.5129,120,0.5917,0.1500,0.2583,0.3008
2026-01-13,0.2665,0.5011,120,0.5833,0.2083,0.2083,0.2932
2026-01-14,0.2709,0.4570,120,0.5833,0.1583,0.2583,0.2883
2026-01-15,0.3027,0.4694,120,0.6500,0.1833,0.1667,0.2975
2026-01-16,0.1802,0.4307,120,0.5167,0.2000,0.2833,0.1818
2026-01-17,0.2224,0.4868,120,0.5750,0.1750,0.2500,0.2059
2026-01-18,0.2519,0.4846,120,0.5583,0.2083,0.2333,0.2375
2026-01-19,0.1564,0.5291,120,0.5083,0.2750,0.2167,0.1553
2026-01-20,0.2106,0.5228,120,0.5250,0.2250,0.2500,0.2078
2026-01-21,0.2041,0.5089,99,0.5556,0.2424,0.2020,0.2463
2026-01-22,0.2149,0.5245,120,0.5250,0.2583,0.2167,0.2306
2026-01-23,0.2592,0.4698,119,0.6134,0.1597,0.2269,0.2566
2026-01-24,0.1867,0.4759,120,0.4750,0.2083,0.3167,0.1971
2026-01-25,0.0882,0.5186,120,0.4583,0.3417,0.2000,0.0892
2026-01-26,0.2406,0.4971,120,0.5250,0.2000,0.2750,0.2360
2026-01-27,0.2431,0.5141,120,0.6000,0.1917,0.2083,0.2881
2026-01-28,0.1778,0.4632,120,0.4583,0.1917,0.3500,0.2054
2026-01-29,0.1896,0.5194,120,0.5333,0.2750,0.1917,0.1681
2026-01-30,0.1830,0.5493,120,0.5417,0.2583,0.2000,0.1795
2026-01-31,0.0584,0.4641,120,0.3750,0.3250,0.3000,0.0354
2026-02-01,0.0897,0.5539,120,0.4250,0.3583,0.2167,0.0882
2026-02-02,0.1149,0.5258,120,0.4500,0.2917,0.2583,0.1140
2026-02-03,0.1927,0.4985,120,0.5500,0.2417,0.2083,0.1604
2026-02-04,0.1194,0.5706,120,0.5000,0.3083,0.1917,0.1455
2026-02-05,0.0325,0.5019,120,0.3750,0.3500,0.2750,0.0308
2026-02-06,0.0233,0.5674,120,0.4250,0.4000,0.1750,0.0569
2026-02-07,0.1680,0.5217,120,0.4917,0.2583,0.2500,0.1755
2026-02-08,0.1475,0.4786,120,0.5250,0.2417,0.2333,0.1152
2026-02-09,0.2173,0.5259,119,0.4874,0.2269,0.2857,0.2195
2026-02-10,0.1860,0.5247,120,0.5167,0.2583,0.2250,0.1513
2026-02-11,0.1371,0.5427,120,0.5250,0.2917,0.1833,0.1190
2026-02-12,0.1270,0.5143,120,0.4750,0.2833,0.2417,0.1282
2026-02-13,0.1925,0.4910,120,0.5333,0.2167,0.2500,0.1952
2026-02-14,0.2792,0.4982,100,0.6200,0.2000,0.1800,0.2209
2026-02-15,0.2250,0.5473,120,0.5833,0.2500,0.1667,0.2244
2026-02-16,0.3361,0.4779,120,0.6333,0.1583,0.2083,0.3034
2026-02-17,0.2066,0.5269,120,0.5417,0.2333,0.2250,0.2123
2026-02-18,0.1916,0.5413,120,0.5250,0.2583,0.2167,0.1801
2026-02-19,0.2653,0.4954,120,0.5667,0.2000,0.2333,0.2320
2026-02-20,0.1374,0.5274,120,0.4833,0.2750,0.2417,0.1412
2026-02-21,0.0990,0.5339,120,0.4167,0.2833,0.3000,0.1544
2026-02-22,0.1636,0.4587,120,0.4333,0.2000,0.3667,0.1779
2026-02-23,0.1684,0.5584,120,0.5250,0.2833,0.1917,0.1684
2026-02-24,0.2539,0.5145,120,0.5583,0.2250,0.2167,0.2681
2026-02-25,0.2102,0.5021,120,0.5667,0.2167,0.2167,0.1807
2026-02-26,0.1510,0.5232,120,0.4917,0.2750,0.2333,0.1741
2026-02-27,0.1793,0.4927,120,0.5000,0.2333,0.2667,0.2352
2026-02-28,-0.0246,0.5527,120,0.3917,0.3667,0.2417,-0.0208
2026-03-01,0.0747,0.5685,120,0.4167,0.3417,0.2417,0.0603
2026-03-02,0.1112,0.5672,120,0.4417,0.2833,0.2750,0.1385
2026-03-03,0.2038,0.5332,120,0.5167,0.2417,0.2417,0.1526
2026-03-04,0.1733,0.4656,120,0.4833,0.2417,0.2750,0.1718
2026-03-05,0.2226,0.4818,119,0.5546,0.2101,0.2353,0.2580
2026-03-06,0.1971,0.5565,120,0.5083,0.2833,0.2083,0.1824
2026-03-07,0.2018,0.5051,120,0.5083,0.2417,0.2500,0.1742
2026-03-08,0.2667,0.5172,120,0.6000,0.1917,0.2083,0.2708
2026-03-09,0.2653,0.4803,120,0.5667,0.1833,0.2500,0.2454
2026-03-10,0.1687,0.4893,120,0.5167,0.2500,0.2333,0.1685
2026-03-11,0.1549,0.5236,120,0.4917,0.2667,0.2417,0.1310
2026-03-12,0.1683,0.5365,120,0.5000,0.2500,0.2500,0.1805
2026-03-13,0.2739,0.5208,120,0.6083,0.1750,0.2167,0.2737
2026-03-14,0.2146,0.5060,120,0.5500,0.2333,0.2167,0.1714
2026-03-15,0.1958,0.5182,100,0.5500,0.2000,0.2500,0.2094
2026-03-16,0.1693,0.4954,120,0.4500,0.2083,0.3417,0.1813
2026-03-17,0.1915,0.4886,119,0.5210,0.2437,0.2353,0.1897
2026-03-18,0.1581,0.5211,120,0.5167,0.2833,0.2000,0.1593
2026-03-19,0.2462,0.5059,120,0.5583,0.2667,0.1750,0.2196
2026-03-20,0.2419,0.5430,119,0.5546,0.2437,0.2017,0.2333
2026-03-21,0.1015,0.5149,120,0.4583,0.2750,0.2667,0.0643
2026-03-22,0.1301,0.5535,120,0.4833,0.2667,0.2500,0.0985
2026-03-23,0.1298,0.5469,120,0.4583,0.2750,0.2667,0.1678
2026-03-24,0.1992,0.4908,120,0.5500,0.2250,0.2250,0.2166
2026-03-25,0.1476,0.5249,120,0.4917,0.3250,0.1833,0.1695
2026-03-26,0.1955,0.5128,120,0.5750,0.2333,0.1917,0.1882
2026-03-27,0.1182,0.5550,120,0.4667,0.2833,0.2500,0.1505
2026-03-28,0.1824,0.5078,120,0.5000,0.2583,0.2417,0.1813
2026-03-29,0.1266,0.5685,120,0.4917,0.3250,0.1833,0.0553
2026-03-30,0.1955,0.5073,119,0.5210,0.2269,0.2521,0.1944
2026-03-31,0.1583,0.4798,120,0.4667,0.2250,0.3083,0.1833
2026-04-01,0.2451,0.4760,120,0.5667,0.1917,0.2417,0.2602
2026-04-02,0.1887,0.5390,120,0.5333,0.2417,0.2250,0.1890
2026-04-03,0.1406,0.5071,120,0.4750,0.2917,0.2333,0.1438
2026-04-04,0.2113,0.5309,120,0.5583,0.2417,0.2000,0.2198
2026-04-05,0.2538,0.4812,120,0.5667,0.1667,0.2667,0.2352
2026-04-06,0.1395,0.5465,120,0.4583,0.2417,0.3000,0.1253
2026-04-07,0.2186,0.5492,120,0.5667,0.2417,0.1917,0.2294
2026-04-08,0.1974,0.5074,120,0.5167,0.2250,0.2583,0.2211
2026-04-09,0.2201,0.4687,120,0.5000,0.2167,0.2833,0.2327
2026-04-10,0.1311,0.5398,120,0.4833,0.2833,0.2333,0.1289
2026-04-11,0.1674,0.4911,120,0.4750,0.2750,0.2500,0.1885
2026-04-12,0.1695,0.4720,120,0.4500,0.2083,0.3417,0.1748
2026-04-13,0.1702,0.4924,109,0.5046,0.2294,0.2661,0.2067
2026-04-14,0.1991,0.5165,120,0.5417,0.2667,0.1917,0.1672
2026-04-15,0.1878,0.4625,110,0.4364,0.2364,0.3273,0.1879
2026-04-16,0.2215,0.5149,120,0.5500,0.2167,0.2333,0.2322
2026-04-17,0.1971,0.5123,120,0.5500,0.2333,0.2167,0.2021
2026-04-18,0.1257,0.5268,120,0.4333,0.2833,0.2833,0.1370
2026-04-19,0.1665,0.5224,120,0.5167,0.2583,0.2250,0.2061
2026-04-20,0.1412,0.5076,120,0.5000,0.2583,0.2417,0.1266
2026-04-21,0.1630,0.4869,119,0.4622,0.2269,0.3109,0.1967
2026-04-22,0.2201,0.4909,118,0.5508,0.2119,0.2373,0.2595
2026-04-23,0.2719,0.4884,120,0.6000,0.2083,0.1917,0.2570
2026-04-24,0.2740,0.4991,120,0.5917,0.1750,0.2333,0.2681
2026-04-25,0.1411,0.4897,120,0.4250,0.2417,0.3333,0.1273
2026-04-26,0.1949,0.5075,120,0.5167,0.2500,0.2333,0.2041
2026-04-27,0.1025,0.5185,120,0.4750,0.2833,0.2417,0.0909
2026-04-28,0.2134,0.5020,120,0.5250,0.2583,0.2167,0.2770
2026-04-29,0.2263,0.5256,120,0.5583,0.2083,0.2333,0.2105
2026-04-30,0.1915,0.4976,120,0.5000,0.2750,0.2250,0.2040
2026-05-01,0.1770,0.5277,120,0.4583,0.2417,0.3000,0.1751
2026-05-02,0.2019,0.5272,120,0.4917,0.2083,0.3000,0.2286
2026-05-03,0.1854,0.5293,100,0.5400,0.2700,0.1900,0.1634
2026-05-04,0.1714,0.5329,120,0.5250,0.2750,0.2000,0.1731
2026-05-05,0.2682,0.4857,120,0.5083,0.1417,0.3500,0.2764
2026-05-06,0.2457,0.4704,120,0.5333,0.2000,0.2667,0.2480
2026-05-07,0.1926,0.4749,120,0.5250,0.2167,0.2583,0.2074
2026-05-08,0.2069,0.4614,120,0.5333,0.1833,0.2833,0.2160
2026-05-09,0.2217,0.5178,120,0.5167,0.2083,0.2750,0.2046
2026-05-10,0.2192,0.5214,120,0.5333,0.2333,0.2333,0.1990
2026-05-11,0.2704,0.4463,120,0.5833,0.1333,0.2833,0.2465
2026-05-12,0.2279,0.5237,120,0.5750,0.2417,0.1833,0.2454
2026-05-13,0.2057,0.5135,120,0.4583,0.2000,0.3417,0.1718
2026-05-14,0.1798,0.4954,120,0.5250,0.2500,0.2250,0.1731
2026-05-15,0.2847,0.5203,119,0.5882,0.1681,0.2437,0.2902
2026-05-16,0.2205,0.5172,120,0.5500,0.2500,0.2000,0.2044
2026-05-17,0.1549,0.5195,119,0.5462,0.2857,0.1681,0.1276
2026-05-18,0.1770,0.5313,120,0.5083,0.2833,0.2083,0.1450
2026-05-19,0.2991,0.5023,119,0.6218,0.1849,0.1933,0.3159
2026-05-20,0.2856,0.4489,120,0.5750,0.1583,0.2667,0.3195
2026-05-21,0.2838,0.4487,120,0.5833,0.1500,0.2667,0.2957
2026-05-22,0.3649,0.4714,119,0.6807,0.1261,0.1933,0.3916
2026-05-23,0.2527,0.5232,120,0.6167,0.2250,0.1583,0.2396
2026-05-24,0.2208,0.5322,120,0.5417,0.2250,0.2333,0.2520
2026-05-25,0.3129,0.5189,120,0.5917,0.1583,0.2500,0.3279
2026-05-26,0.2026,0.5559,120,0.5667,0.2833,0.1500,0.1743
2026-05-27,0.2314,0.4987,120,0.5917,0.1917,0.2167,0.2480
2026-05-28,0.2535,0.5260,120,0.6167,0.2000,0.1833,0.2114
2026-05-29,0.2150,0.5211,120,0.5333,0.2500,0.2167,0.1348
2026-05-30,0.3182,0.5477,120,0.6083,0.2083,0.1833,0.2510
2026-05-31,0.1895,0.5032,120,0.5167,0.2250,0.2583,0.1760
2026-06-01,0.3221,0.5113,80,0.5875,0.2125,0.2000,0.2590
2026-06-02,0.1741,0.4523,120,0.4833,0.2500,0.2667,0.1794
2026-06-03,0.1050,0.5065,120,0.4583,0.3000,0.2417,0.0821
2026-06-04,0.1160,0.5375,120,0.5000,0.3250,0.1750,0.1253
2026-06-05,0.1784,0.5623,120,0.5167,0.3167,0.1667,0.1700
2026-06-06,0.0877,0.5417,120,0.4417,0.2833,0.2750,0.1108
2026-06-07,0.2080,0.5652,120,0.5750,0.2833,0.1417,0.1659
2026-06-08,0.2417,0.5026,120,0.5417,0.2167,0.2417,0.1878
