date,sentiment_mean,trading_days
2015-07-06,0.9460,4
2015-07-13,0.7913,5
2015-07-20,0.6195,5
2015-07-27,0.7633,5
2015-08-03,1.5335,5
2015-08-10,1.9375,5
2015-08-17,1.9126,5
2015-08-24,1.8877,5
2015-08-31,1.7259,5
2015-09-07,1.3590,5
2015-09-14,1.0349,5
2015-09-21,0.9828,5
2015-09-28,0.9280,5
2015-10-05,0.7367,5
2015-10-12,0.5378,5
2015-10-19,0.3390,5
2015-10-26,0.4808,5
2015-11-02,0.8497,5
2015-11-09,0.9325,5
2015-11-16,0.9552,5
2015-11-23,0.9933,5
2015-11-30,0.9889,5
2015-12-07,0.9845,5
2015-12-14,0.9536,5
2015-12-21,0.9065,5
2015-12-28,0.8963,5
2016-01-04,1.6680,5
2016-01-11,1.4915,5
2016-01-18,1.1063,5
2016-01-25,0.7412,5
2016-02-01,0.7385,5
2016-02-08,0.8566,5
2016-02-15,0.9572,5
2016-02-22,0.9381,5
2016-02-29,0.9445,5
2016-03-07,0.9508,5
2016-03-14,0.9377,5
2016-03-21,0.9315,5
2016-03-28,0.9163,5
2016-04-04,3.2178,5
2016-04-11,2.9618,5
2016-04-18,1.9931,5
2016-04-25,1.0245,5
2016-05-02,0.9163,5
2016-05-09,1.4425,5
2016-05-16,1.1713,5
2016-05-23,0.9890,5
2016-05-30,0.9890,5
2016-06-06,0.9962,5
2016-06-13,0.9940,5
2016-06-20,0.9662,5
2016-06-27,0.9609,5
2016-07-04,0.9660,5
2016-07-11,0.9392,5
2016-07-18,0.9017,5
2016-07-25,0.8643,5
2016-08-01,0.8940,5
2016-08-08,0.9684,5
2016-08-15,0.9759,5
2016-08-22,0.9387,5
2016-08-29,0.9294,5
2016-09-05,1.4207,5
2016-09-12,1.2881,5
2016-09-19,0.9274,5
2016-09-26,0.9674,5
2016-10-03,0.9788,5
2016-10-10,0.9450,5
2016-10-17,0.9046,5
2016-10-24,0.8643,5
2016-10-31,0.8931,5
2016-11-07,0.9680,5
2016-11-14,1.3595,5
2016-11-21,1.5542,5
2016-11-28,2.3989,5
2016-12-05,3.2436,5
2016-12-12,4.0883,5
2016-12-19,4.9330,5
2016-12-26,5.7777,5
2017-01-02,6.4703,5
2017-01-09,4.4258,5
2017-01-16,1.6040,5
2017-01-23,1.2148,5
2017-01-30,1.1885,5
2017-02-06,0.9960,5
2017-02-13,0.9018,5
2017-02-20,0.9291,5
2017-02-27,0.9563,5
2017-03-06,0.9737,5
2017-03-13,0.9751,5
2017-03-20,0.9721,5
2017-03-27,0.9677,5
2017-04-03,0.8858,5
2017-04-10,0.9043,5
2017-04-17,0.9657,5
2017-04-24,0.9731,5
2017-05-01,0.9804,5
2017-05-08,2.4694,5
2017-05-15,1.1682,5
2017-05-22,0.9576,5
2017-05-29,1.6541,5
2017-06-05,1.3653,5
2017-06-12,0.9907,5
2017-06-19,1.3161,5
2017-06-26,1.7376,5
2017-07-03,1.0704,5
2017-07-10,0.8966,5
2017-07-17,0.8111,5
2017-07-24,0.7255,5
2017-07-31,1.6523,5
2017-08-07,1.2265,5
2017-08-14,1.0921,5
2017-08-21,1.4233,5
2017-08-28,1.1617,5
2017-09-04,1.6329,5
2017-09-11,2.1041,5
2017-09-18,2.5753,5
2017-09-25,1.8073,5
2017-10-02,1.9768,5
2017-10-09,2.8131,5
2017-10-16,2.4699,5
2017-10-23,1.8183,5
2017-10-30,0.9537,5
2017-11-06,0.9932,5
2017-11-13,0.9795,5
2017-11-20,1.5138,5
2017-11-27,1.5757,5
2017-12-04,0.9887,5
2017-12-11,0.9554,5
2017-12-18,1.6339,5
2017-12-25,2.8984,5
2018-01-01,4.1630,5
2018-01-08,2.1522,5
2018-01-15,0.8619,5
2018-01-22,0.7372,5
2018-01-29,1.3644,5
2018-02-05,0.9927,5
2018-02-12,0.9934,5
2018-02-19,0.9849,5
2018-02-26,0.9764,5
2018-03-05,0.9328,5
2018-03-12,0.9097,5
2018-03-19,1.5787,5
2018-03-26,3.5281,5
2018-04-02,2.9802,5
2018-04-09,2.0231,5
2018-04-16,1.0661,5
2018-04-23,0.7559,5
2018-04-30,0.8432,5
2018-05-07,0.9366,5
2018-05-14,0.9815,5
2018-05-21,0.9062,5
2018-05-28,1.1778,5
2018-06-04,1.8520,5
2018-06-11,1.5137,5
2018-06-18,1.1755,5
2018-06-25,0.9418,5
2018-07-02,0.8652,5
2018-07-09,0.7886,5
2018-07-16,0.7120,5
2018-07-23,0.9132,5
2018-07-30,1.2998,5
2018-08-06,1.6864,5
2018-08-13,1.5809,5
2018-08-20,1.4477,5
2018-08-27,0.8058,5
2018-09-03,0.7824,5
2018-09-10,1.9663,5
2018-09-17,2.7737,5
2018-09-24,2.5067,5
2018-10-01,2.2396,5
2018-10-08,1.9456,5
2018-10-15,1.4807,5
2018-10-22,1.0018,5
2018-10-29,0.7550,5
2018-11-05,0.8210,5
2018-11-12,0.9881,5
2018-11-19,2.4243,5
2018-11-26,2.3138,5
2018-12-03,1.1002,5
2018-12-10,0.8661,5
2018-12-17,0.7836,5
2018-12-24,-0.0984,5
2018-12-31,1.1189,5
2019-01-07,0.9912,5
2019-01-14,1.1360,5
2019-01-21,2.2257,5
2019-01-28,0.8332,5
2019-02-04,0.7720,5
2019-02-11,2.7821,5
2019-02-18,0.5330,5
2019-02-25,0.8218,5
2019-03-04,0.9113,5
2019-03-11,3.6350,5
2019-03-18,7.5778,5
2019-03-25,3.5725,5
2019-04-01,0.9424,5
2019-04-08,0.7296,5
2019-04-15,0.5484,5
2019-04-22,0.8866,5
2019-04-29,0.5641,5
2019-05-06,1.3666,5
2019-05-13,1.2691,5
2019-05-20,1.3230,5
2019-05-27,1.9524,5
2019-06-03,1.7278,5
2019-06-10,1.0503,5
2019-06-17,0.8615,5
2019-06-24,0.9174,5
2019-07-01,1.0556,5
2019-07-08,1.3086,5
2019-07-15,1.5679,5
2019-07-22,1.8272,5
2019-07-29,1.1983,5
2019-08-05,0.6648,5
2019-08-12,0.9817,5
2019-08-19,0.9367,5
2019-08-26,0.9845,5
2019-09-02,1.0458,5
2019-09-09,1.4327,5
2019-09-16,1.8710,5
2019-09-23,2.3092,5
2019-09-30,2.7475,5
2019-10-07,3.1858,5
2019-10-14,3.6241,5
2019-10-21,3.0635,5
2019-10-28,0.7650,5
2019-11-04,1.3884,5
2019-11-11,1.3224,5
2019-11-18,1.6632,5
2019-11-25,2.1022,5
2019-12-02,3.3269,5
2019-12-09,4.5515,5
2019-12-16,5.3842,5
2019-12-23,3.7351,5
2019-12-30,1.6941,5
2020-01-06,0.9244,5
2020-01-13,0.7776,5
2020-01-20,0.6308,5
2020-01-27,0.4840,5
2020-02-03,0.5968,5
2020-02-10,0.8827,5
2020-02-17,0.8773,5
2020-02-24,0.6751,5
2020-03-02,0.4726,5
2020-03-09,0.3669,5
2020-03-16,0.5518,5
2020-03-23,0.7530,5
2020-03-30,0.9453,5
2020-04-06,0.9795,5
2020-04-13,0.9611,5
2020-04-20,0.9128,5
2020-04-27,0.7183,5
2020-05-04,3.5342,5
2020-05-11,8.1876,5
2020-05-18,3.9031,5
2020-05-25,0.8304,5
2020-06-01,1.1348,5
2020-06-08,1.4569,5
2020-06-15,1.7791,5
2020-06-22,1.4709,5
2020-06-29,0.8902,5
2020-07-06,0.9109,5
2020-07-13,0.9249,5
2020-07-20,0.8506,5
2020-07-27,0.5422,5
2020-08-03,0.7012,5
2020-08-10,0.8245,5
2020-08-17,0.9763,5
2020-08-24,0.9376,5
2020-08-31,0.8298,5
2020-09-07,0.3378,5
2020-09-14,1.5069,5
2020-09-21,1.0477,5
2020-09-28,1.7429,5
2020-10-05,7.6949,5
2020-10-12,2.9058,5
2020-10-19,0.9706,5
2020-10-26,0.5900,5
2020-11-02,1.1474,5
2020-11-09,2.1752,5
2020-11-16,1.7875,5
2020-11-23,0.9284,5
2020-11-30,0.9691,5
2020-12-07,0.9337,5
2020-12-14,0.8925,5
2020-12-21,0.9992,5
2020-12-28,0.9985,5
2021-01-04,0.9943,5
2021-01-11,1.3931,5
2021-01-18,0.9947,5
2021-01-25,0.9893,5
2021-02-01,1.0287,5
2021-02-08,0.6580,5
2021-02-15,0.7704,5
2021-02-22,0.2107,5
2021-03-01,-0.4686,5
2021-03-08,1.2445,5
2021-03-15,0.9076,5
2021-03-22,1.7262,5
2021-03-29,1.3401,5
2021-04-05,1.3093,5
2021-04-12,13.5261,5
2021-04-19,4.8708,5
2021-04-26,3.6305,5
2021-05-03,1.5510,5
2021-05-10,2.4022,5
2021-05-17,4.4285,5
2021-05-24,8.7602,5
2021-05-31,5.2754,5
2021-06-07,2.1173,5
2021-06-14,7.0849,5
2021-06-21,6.5531,5
2021-06-28,7.4189,5
2021-07-05,3.6876,5
2021-07-12,2.2378,5
2021-07-19,2.4005,5
2021-07-26,1.5076,5
2021-08-02,2.7403,5
2021-08-09,2.9905,5
2021-08-16,7.9959,5
2021-08-23,5.0776,5
2021-08-30,1.2891,5
2021-09-06,1.2071,5
2021-09-13,1.3954,5
2021-09-20,1.8250,5
2021-09-27,2.3043,5
2021-10-04,3.1373,5
2021-10-11,1.7684,5
2021-10-18,2.4028,5
2021-10-25,1.1143,5
2021-11-01,5.1937,5
2021-11-08,10.5206,5
2021-11-15,13.5639,5
2021-11-22,3.3252,5
2021-11-29,2.5145,5
2021-12-06,4.5499,5
2021-12-13,3.0698,5
2021-12-20,1.3131,5
2021-12-27,2.7699,5
2022-01-03,4.5964,5
2022-01-10,3.4678,5
2022-01-17,2.8601,5
2022-01-24,3.5474,5
2022-01-31,4.2162,5
2022-02-07,4.0314,5
2022-02-14,9.1319,5
2022-02-21,3.1468,5
2022-02-28,0.5791,5
2022-03-07,2.9053,5
2022-03-14,2.0924,5
2022-03-21,11.6298,5
2022-03-28,2.8620,5
2022-04-04,2.3692,5
2022-04-11,2.6148,5
2022-04-18,1.9455,5
2022-04-25,0.4857,5
2022-05-02,2.5413,5
2022-05-09,2.3138,5
2022-05-16,2.5797,5
2022-05-23,5.0658,5
2022-05-30,3.7298,5
2022-06-06,1.5711,5
2022-06-13,0.8665,5
2022-06-20,1.2838,5
2022-06-27,0.9571,5
2022-07-04,0.9490,5
2022-07-11,1.3720,5
2022-07-18,1.3804,5
2022-07-25,1.2022,5
2022-08-01,1.1069,5
2022-08-08,1.5905,5
2022-08-15,1.2678,5
2022-08-22,1.9942,5
2022-08-29,-0.2476,5
2022-09-05,0.6660,5
2022-09-12,0.3537,5
2022-09-19,7.7030,5
2022-09-26,0.8191,5
2022-10-03,2.4243,5
2022-10-10,1.1428,5
2022-10-17,2.4055,5
2022-10-24,2.0667,5
2022-10-31,1.3583,5
2022-11-07,2.7407,5
2022-11-14,6.3806,5
2022-11-21,1.5212,5
2022-11-28,1.0589,5
2022-12-05,1.2077,5
2022-12-12,1.5625,5
2022-12-19,1.1395,5
2022-12-26,1.0490,5
2023-01-02,6.4988,5
2023-01-09,0.8380,5
2023-01-16,1.2850,5
2023-01-23,1.6926,5
2023-01-30,1.1877,5
2023-02-06,1.0816,5
2023-02-13,1.8876,5
2023-02-20,10.7604,5
2023-02-27,3.6696,5
2023-03-06,2.3033,5
2023-03-13,2.8651,5
2023-03-20,10.2783,5
2023-03-27,3.8252,5
2023-04-03,3.1641,5
2023-04-10,3.8669,5
2023-04-17,3.1399,5
2023-04-24,2.3358,5
2023-05-01,3.0982,5
2023-05-08,3.1366,5
2023-05-15,4.5538,5
2023-05-22,5.6742,5
2023-05-29,12.2207,5
2023-06-05,5.7789,5
2023-06-12,7.9279,5
2023-06-19,5.5321,5
2023-06-26,8.0781,5
2023-07-03,5.0169,5
2023-07-10,5.5322,5
2023-07-17,4.1637,5
2023-07-24,3.6792,5
2023-07-31,1.7019,5
2023-08-07,7.4428,5
2023-08-14,7.4083,5
2023-08-21,33.8250,5
2023-08-28,13.3648,5
2023-09-04,7.5230,5
2023-09-11,6.7373,5
2023-09-18,5.9693,5
2023-09-25,5.1851,5
2023-10-02,5.2714,5
2023-10-09,4.1261,5
2023-10-16,6.6578,5
2023-10-23,4.8693,5
2023-10-30,4.7518,5
2023-11-06,6.8623,5
2023-11-13,12.1183,5
2023-11-20,16.6099,5
2023-11-27,7.0428,5
2023-12-04,9.4769,5
2023-12-11,6.0058,5
2023-12-18,7.1823,5
2023-12-25,7.5140,5
2024-01-01,4.4026,5
2024-01-08,10.8062,5
2024-01-15,6.2822,5
2024-01-22,8.4177,5
2024-01-29,8.4444,5
2024-02-05,10.6778,5
2024-02-12,16.2210,5
2024-02-19,30.3144,5
2024-02-26,16.3133,5
