,date,count,normalized
355,2021-01-04,1,0.527
354,2021-01-25,1,0.511
353,2021-02-06,1,0.681
352,2021-02-10,1,0.422
351,2021-02-18,1,0.718
350,2021-04-12,1,0.511
349,2021-05-01,1,0.422
348,2021-05-06,1,0.572
347,2021-05-09,1,0.0
346,2021-05-24,1,0.691
345,2021-06-07,1,0.382
344,2021-06-08,1,-0.026
343,2021-06-18,1,-0.422
342,2021-06-23,1,-0.053
341,2021-07-05,1,0.0
340,2021-07-08,1,0.0
339,2021-07-20,1,-0.15
338,2021-07-22,1,0.0
337,2021-08-06,2,0.0
336,2021-08-31,1,0.0
335,2021-09-15,1,0.599
334,2021-09-17,2,-0.043
333,2021-09-18,1,0.613
332,2021-09-19,1,0.964
331,2021-09-20,33,0.1018
330,2021-09-21,32,0.1553
329,2021-09-22,33,0.1644
328,2021-09-23,24,0.3112
327,2021-09-24,25,0.071
326,2021-09-25,7,0.1443
325,2021-09-26,8,0.3328
324,2021-09-27,34,0.0616
323,2021-09-28,54,0.1313
322,2021-09-29,72,0.2744
321,2021-09-30,39,0.5114
320,2021-10-01,30,0.5416
319,2021-10-02,4,0.4885
318,2021-10-03,4,0.3055
317,2021-10-04,28,0.2991
316,2021-10-05,32,0.4633
315,2021-10-06,42,0.3223
314,2021-10-07,37,0.8044
313,2021-10-08,36,0.5779
312,2021-10-09,17,0.1269
311,2021-10-10,17,0.2498
310,2021-10-11,68,0.4608
309,2021-10-12,69,0.3373
308,2021-10-13,68,0.3835
307,2021-10-14,87,0.4627
306,2021-10-15,58,0.4254
305,2021-10-16,18,0.3673
304,2021-10-17,18,0.4519
303,2021-10-18,60,0.5159
302,2021-10-19,69,0.5426
301,2021-10-20,71,0.4975
300,2021-10-21,87,0.3957
299,2021-10-22,70,0.4128
298,2021-10-23,14,0.4137
297,2021-10-24,9,0.4418
296,2021-10-25,47,0.6393
295,2021-10-26,30,0.8486
294,2021-10-27,42,0.6576
293,2021-10-28,39,0.6267
292,2021-10-29,44,0.6543
291,2021-10-30,8,0.381
290,2021-10-31,5,0.8046
289,2021-11-01,48,0.6088
288,2021-11-02,44,0.4395
287,2021-11-03,48,0.5184
286,2021-11-04,47,0.5259
285,2021-11-05,48,0.6519
284,2021-11-06,12,0.36
283,2021-11-07,10,0.2595
282,2021-11-08,44,0.4467
281,2021-11-09,54,0.6219
280,2021-11-10,54,0.5204
279,2021-11-11,59,0.2823
278,2021-11-12,59,0.4579
277,2021-11-13,13,0.6128
276,2021-11-14,11,0.4332
275,2021-11-15,50,0.5252
274,2021-11-16,49,0.6119
273,2021-11-17,58,0.4663
272,2021-11-18,57,0.5089
271,2021-11-19,58,0.3713
270,2021-11-20,11,0.5121
269,2021-11-21,9,0.2916
268,2021-11-22,55,0.4936
267,2021-11-23,52,0.4576
266,2021-11-24,56,0.6629
265,2021-11-25,46,0.5685
264,2021-11-26,39,0.1761
263,2021-11-27,7,0.4854
262,2021-11-28,18,0.2522
261,2021-11-29,48,0.6398
260,2021-11-30,57,0.4807
259,2021-12-01,54,0.6367
258,2021-12-02,45,0.287
257,2021-12-03,59,0.6055
256,2021-12-04,15,0.3195
255,2021-12-05,12,0.4423
254,2021-12-06,47,0.529
253,2021-12-07,53,0.5022
252,2021-12-08,53,0.5806
251,2021-12-09,67,0.56
250,2021-12-10,49,0.5568
249,2021-12-11,17,0.4078
248,2021-12-12,12,0.6
247,2021-12-13,38,0.5786
246,2021-12-14,61,0.4854
245,2021-12-15,64,0.4263
244,2021-12-16,59,0.4647
243,2021-12-17,58,0.4523
242,2021-12-18,22,0.3243
241,2021-12-19,6,0.6228
240,2021-12-20,32,0.5775
239,2021-12-21,31,0.654
238,2021-12-22,37,0.6593
237,2021-12-23,32,0.6172
236,2021-12-24,16,0.6806
235,2021-12-25,3,0.9497
234,2021-12-26,5,0.231
233,2021-12-27,24,0.4365
232,2021-12-28,23,0.4496
231,2021-12-29,29,0.5489
230,2021-12-30,34,0.3784
229,2021-12-31,20,0.5815
228,2022-01-01,3,0.856
227,2022-01-02,2,0.8935
226,2022-01-03,24,0.7885
225,2022-01-04,34,0.3825
224,2022-01-05,2,0.4875
223,2022-01-06,8,0.4815
222,2022-01-07,18,0.4204
221,2022-01-08,3,0.671
220,2022-01-11,18,0.9622
219,2022-01-12,8,0.7746
218,2022-01-13,22,0.2603
217,2022-01-14,16,0.3692
216,2022-01-15,3,0.9613
215,2022-01-18,14,0.8598
214,2022-01-20,15,0.6175
213,2022-01-21,8,0.4868
212,2022-01-22,5,0.42
211,2022-01-23,3,0.977
210,2022-01-25,15,0.2761
209,2022-01-26,19,0.678
208,2022-01-27,11,0.6758
207,2022-01-28,19,0.5339
206,2022-01-30,1,0.155
205,2022-01-31,17,0.4131
204,2022-02-01,1,0.995
203,2022-02-02,18,0.6973
202,2022-02-03,17,0.4453
201,2022-02-04,31,0.6096
200,2022-02-05,2,0.781
199,2022-02-06,3,0.3567
198,2022-02-07,13,0.2141
197,2022-02-08,28,0.5504
196,2022-02-09,15,0.4991
195,2022-02-10,9,0.6946
194,2022-02-11,23,0.3337
193,2022-02-12,1,-0.95
192,2022-02-13,2,0.249
191,2022-02-14,20,0.4294
190,2022-02-15,14,0.3311
189,2022-02-16,35,0.4528
188,2022-02-17,8,0.3319
187,2022-02-18,24,0.5376
186,2022-02-19,3,-0.762
185,2022-02-20,2,-0.178
184,2022-02-21,8,-0.0445
183,2022-02-22,29,0.4641
182,2022-02-23,14,0.2481
181,2022-02-24,16,0.1313
180,2022-02-25,30,-0.0348
179,2022-02-26,7,-0.1141
178,2022-02-27,2,0.1835
177,2022-02-28,23,0.157
176,2022-03-01,15,-0.1389
175,2022-03-02,32,0.3217
174,2022-03-03,15,0.1383
173,2022-03-04,43,0.3098
172,2022-03-05,7,0.562
171,2022-03-06,4,-0.2343
170,2022-03-07,39,0.0826
169,2022-03-08,34,0.3895
168,2022-03-09,24,0.4353
167,2022-03-10,25,0.2751
166,2022-03-11,36,0.4243
165,2022-03-12,8,-0.045
164,2022-03-13,2,0.1275
163,2022-03-14,24,0.3675
162,2022-03-15,21,0.1048
161,2022-03-16,37,0.3374
160,2022-03-17,37,0.4067
159,2022-03-18,38,0.4397
158,2022-03-19,10,0.3833
157,2022-03-20,11,0.4514
156,2022-03-21,15,0.2853
155,2022-03-22,34,0.3269
154,2022-03-23,21,0.3176
153,2022-03-24,33,0.5132
152,2022-03-25,30,0.4027
151,2022-03-26,7,0.086
150,2022-03-27,11,0.5425
149,2022-03-28,23,0.2951
148,2022-03-29,41,0.3703
147,2022-03-30,20,0.2079
146,2022-03-31,30,0.4581
145,2022-04-01,33,0.3364
144,2022-04-02,14,0.2688
143,2022-04-03,5,-0.0244
142,2022-04-04,39,0.2816
141,2022-04-05,31,0.417
140,2022-04-06,37,0.2404
139,2022-04-07,31,0.3889
138,2022-04-08,33,0.1702
137,2022-04-09,10,0.4617
136,2022-04-10,2,0.523
135,2022-04-11,32,0.1947
134,2022-04-12,36,0.2487
133,2022-04-13,34,0.452
132,2022-04-14,34,0.2811
131,2022-04-15,16,0.4939
130,2022-04-16,5,0.4888
129,2022-04-17,7,-0.1754
128,2022-04-18,29,0.371
127,2022-04-19,22,0.3365
126,2022-04-20,33,0.3331
125,2022-04-21,34,0.4975
124,2022-04-22,34,0.2479
123,2022-04-23,6,0.0795
122,2022-04-24,2,0.0
121,2022-04-25,33,0.3546
120,2022-04-26,18,0.4222
119,2022-04-27,22,0.3548
118,2022-04-28,9,0.4231
117,2022-04-29,24,0.244
116,2022-04-30,5,-0.1296
115,2022-05-01,2,0.362
114,2022-05-02,21,0.3101
113,2022-05-03,20,0.2861
112,2022-05-04,19,0.1048
111,2022-05-05,29,0.4314
110,2022-05-06,28,0.2589
109,2022-05-08,11,0.2256
108,2022-05-09,13,0.1061
107,2022-05-10,33,0.3501
106,2022-05-11,29,0.2586
105,2022-05-12,14,-0.0843
104,2022-05-13,18,-0.1647
103,2022-05-16,22,0.09
102,2022-05-17,13,0.2102
101,2022-05-18,28,0.2425
100,2022-05-19,21,0.0626
99,2022-05-20,27,0.1338
98,2022-05-21,3,0.0887
97,2022-05-22,3,0.0177
96,2022-05-23,23,0.3257
95,2022-05-24,11,0.2797
94,2022-05-25,25,0.0757
93,2022-05-26,16,0.0653
92,2022-05-27,11,-0.0392
91,2022-05-28,4,-0.0903
90,2022-05-30,15,0.2323
89,2022-05-31,23,0.4465
88,2022-06-01,20,0.2863
87,2022-06-02,26,0.0257
86,2022-06-03,18,0.0173
85,2022-06-04,2,0.321
84,2022-06-05,2,0.0
83,2022-06-06,7,0.0249
82,2022-06-07,6,-0.176
81,2022-06-08,14,0.391
80,2022-06-09,12,0.2136
79,2022-06-10,35,0.2891
78,2022-06-11,12,-0.2886
77,2022-06-12,5,-0.152
76,2022-06-13,22,0.008
75,2022-06-14,12,0.0066
74,2022-06-15,25,-0.0055
73,2022-06-16,30,0.2142
72,2022-06-17,29,-0.0121
71,2022-06-18,13,-0.0115
70,2022-06-19,2,-0.142
69,2022-06-20,25,0.1962
68,2022-06-21,25,0.1571
67,2022-06-22,21,0.127
66,2022-06-23,26,0.203
65,2022-06-24,44,0.1624
64,2022-06-25,9,0.4049
63,2022-06-26,2,0.29
62,2022-06-27,35,0.3218
61,2022-06-28,20,0.1478
60,2022-06-29,41,0.1971
59,2022-06-30,31,0.3151
58,2022-07-01,32,0.0318
57,2022-07-02,9,0.0644
56,2022-07-03,2,-0.2565
55,2022-07-04,3,-0.139
54,2022-07-05,28,-0.0442
53,2022-07-06,38,0.2022
52,2022-07-07,27,0.2222
51,2022-07-08,27,0.25
50,2022-07-09,9,0.2967
49,2022-07-11,13,0.1446
48,2022-07-12,32,0.2108
47,2022-07-13,38,0.1087
46,2022-07-14,3,0.2653
45,2022-07-15,28,0.1599
44,2022-07-16,3,0.448
43,2022-07-17,3,0.423
42,2022-07-18,48,0.3999
41,2022-07-19,42,0.3755
40,2022-07-20,26,0.3006
39,2022-07-21,28,0.2993
38,2022-07-22,36,0.4356
37,2022-07-25,19,-0.0254
36,2022-07-26,36,0.2686
35,2022-07-27,43,0.1569
34,2022-07-28,33,0.078
33,2022-07-29,35,0.3497
32,2022-07-30,2,0.454
31,2022-07-31,13,0.0467
30,2022-08-01,32,0.1367
29,2022-08-02,34,0.2946
28,2022-08-03,29,-0.0144
27,2022-08-04,30,0.3316
26,2022-08-05,32,0.3479
25,2022-08-06,7,0.0366
24,2022-08-07,7,0.2709
23,2022-08-08,34,0.3345
22,2022-08-09,38,0.1828
21,2022-08-10,13,0.3831
20,2022-08-11,31,0.2323
19,2022-08-12,31,0.2491
18,2022-08-13,14,0.1904
17,2022-08-14,3,-0.084
16,2022-08-15,26,0.444
15,2022-08-16,12,0.0727
14,2022-08-17,27,0.2093
13,2022-08-18,39,0.0833
12,2022-08-19,39,0.1215
11,2022-08-20,4,-0.1703
10,2022-08-21,5,-0.0632
9,2022-08-22,31,-0.0415
8,2022-08-23,31,0.237
7,2022-08-24,28,0.274
6,2022-08-25,18,0.3804
5,2022-08-26,33,0.2526
4,2022-08-28,5,0.0642
3,2022-08-29,24,0.1153
2,2022-08-30,29,0.1659
1,2022-08-31,9,-0.0802
0,2022-09-01,27,0.1255
