date,finvader,high,low,adjusted_close
2015-07-07,0.9976,20.13,19.16,0.4791
2015-07-08,0.963223076923077,19.8,19.49,0.4757
2015-07-09,0.9288461538461539,20.05,19.29,0.4699
2015-07-10,0.8944692307692308,19.93,19.61,0.4781
2015-07-13,0.8600923076923077,19.99,19.745,0.4812
2015-07-14,0.8257153846153846,19.93,19.63,0.4815
2015-07-15,0.7913384615384615,19.97,19.57,0.4781
2015-07-16,0.7569615384615385,20.19,19.8,0.4887
2015-07-17,0.7225846153846154,20.14,19.81,0.4858
2015-07-20,0.6882076923076923,20.15,19.65,0.4769
2015-07-21,0.6538307692307692,20.07,19.66,0.4791
2015-07-22,0.6194538461538461,19.65,19.17,0.4697
2015-07-23,0.585076923076923,19.94,19.41,0.4757
2015-07-24,0.5507,19.81,19.34,0.4701
2015-07-27,0.62156,19.53,19.09,0.4674
2015-07-28,0.69242,19.86,19.16,0.4776
2015-07-29,0.76328,20.13,19.61,0.4834
2015-07-30,0.83414,20.22,19.92,0.4846
2015-07-31,0.905,20.11,19.83,0.4829
2015-08-03,1.1145,20.31,19.85,0.4912
2015-08-04,1.324,20.43,20.14,0.4931
2015-08-05,1.5335,20.89,20.535,0.4982
2015-08-06,1.743,20.68,20.11,0.495
2015-08-07,1.9525,23.37,21.88,0.5563
2015-08-10,1.9475125,23.95,22.68,0.5756
2015-08-11,1.942525,23.89,23.43,0.5727
2015-08-12,1.9375375,23.89,23.28,0.5742
2015-08-13,1.93255,23.8,23.46,0.5693
2015-08-14,1.9275625,23.68,23.36,0.5698
2015-08-17,1.922575,23.5,23.1,0.5662
2015-08-18,1.9175875,23.38,22.9,0.561
2015-08-19,1.9126,23.305,22.74,0.5588
2015-08-20,1.9076125,22.84,22.05,0.5387
2015-08-21,1.902625,22.37,21.45,0.5219
2015-08-24,1.8976375,21.83,20.0,0.5034
2015-08-25,1.89265,21.7,20.28,0.493
2015-08-26,1.8876625,21.83,20.78,0.5302
2015-08-27,1.882675,22.64,21.91,0.5501
2015-08-28,1.8776875,22.87,22.465,0.5525
2015-08-31,1.8727,22.78,22.385,0.5464
2015-09-01,1.799308333333333,22.2,21.4,0.5241
2015-09-02,1.725916666666667,22.22,21.78,0.5399
2015-09-03,1.652525,22.65,22.23,0.5413
2015-09-04,1.579133333333333,22.24,21.74,0.5287
2015-09-07,1.505741666666667,22.505,21.966,0.54
2015-09-08,1.43235,22.77,22.192,0.5513
2015-09-09,1.358958333333333,22.94,22.18,0.5404
2015-09-10,1.285566666666667,22.86,21.995,0.5489
2015-09-11,1.212175,22.8,22.235,0.5506
2015-09-14,1.138783333333333,22.83,22.57,0.5516
2015-09-15,1.065391666666667,23.06,22.63,0.5576
2015-09-16,0.992,23.23,22.725,0.5615
2015-09-17,0.9901555555555556,23.71,23.26,0.5666
2015-09-18,0.9883111111111111,23.49,22.85,0.5661
2015-09-21,0.9864666666666667,23.58,23.2,0.572
2015-09-22,0.9846222222222223,23.18,22.765,0.5564
2015-09-23,0.9827777777777778,23.14,22.82,0.5591
2015-09-24,0.9809333333333333,23.68,22.5,0.5698
2015-09-25,0.9790888888888889,24.07,23.38,0.5739
2015-09-28,0.9772444444444445,23.755,23.15,0.5664
2015-09-29,0.9754,23.75,23.22,0.5763
2015-09-30,0.9356222222222222,24.68,23.79,0.5992
2015-10-01,0.8958444444444444,24.72,23.47,0.5875
2015-10-02,0.8560666666666668,24.801,23.79,0.6028
2015-10-05,0.816288888888889,25.73,24.83,0.6179
2015-10-06,0.7765111111111112,25.86,25.05,0.6259
2015-10-07,0.7367333333333335,26.28,25.39,0.6325
2015-10-08,0.6969555555555557,26.24,25.47,0.6361
2015-10-09,0.6571777777777779,26.28,25.58,0.6337
2015-10-12,0.6174000000000001,26.5,25.905,0.6405
2015-10-13,0.5776222222222223,26.555,26.05,0.6417
2015-10-14,0.5378444444444446,27.785,26.4,0.6651
2015-10-15,0.4980666666666668,27.99,27.13,0.6668
2015-10-16,0.458288888888889,28.12,27.45,0.6772
2015-10-19,0.4185111111111113,28.075,27.49,0.676
2015-10-20,0.3787333333333335,27.9,27.48,0.675
2015-10-21,0.3389555555555557,28.11,27.36,0.6663
2015-10-22,0.2991777777777779,28.49,27.69,0.6904
2015-10-23,0.2594,28.78,28.22,0.695
2015-10-26,0.33319,28.68,28.2,0.6918
2015-10-27,0.40698,28.618,28.3,0.6913
2015-10-28,0.48077,28.67,28.2,0.6969
2015-10-29,0.5545599999999999,28.5,27.63,0.6728
2015-10-30,0.62835,28.57,27.77,0.6896
2015-11-02,0.70214,28.73,28.29,0.6976
2015-11-03,0.77593,28.69,28.18,0.6928
2015-11-04,0.84972,28.63,27.9,0.6814
2015-11-05,0.92351,28.245,27.63,0.6736
2015-11-06,0.9973,31.94,29.82,0.7669
2015-11-09,0.99475,31.5,30.97,0.7635
2015-11-10,0.9922,31.17,30.15,0.7489
2015-11-11,0.9924,31.05,30.4,0.7416
2015-11-12,0.8244,30.72,30.27,0.739
2015-11-13,0.85888,30.56,29.65,0.7244
2015-11-16,0.89336,30.42,29.95,0.739
2015-11-17,0.92784,30.66,30.274,0.739
2015-11-18,0.9623200000000001,31.07,30.075,0.7572
2015-11-19,0.9968,31.43,30.89,0.7593
2015-11-20,0.99591875,31.57,31.16,0.7659
2015-11-23,0.9950375,31.65,30.805,0.7545
2015-11-24,0.9941562500000001,31.44,30.78,0.7606
2015-11-25,0.993275,31.48,31.02,0.7596
2015-11-26,0.99239375,31.485,31.025,0.76275
2015-11-27,0.9915125,31.49,31.03,0.7659
2015-11-30,0.9906312500000001,31.86,31.39,0.774
2015-12-01,0.98975,32.78,31.97,0.7991
2015-12-02,0.98886875,33.14,32.43,0.793
2015-12-03,0.9879875,33.1,32.27,0.7913
2015-12-04,0.9871062500000001,33.81,32.43,0.8235
2015-12-07,0.986225,33.74,33.01,0.8079
2015-12-08,0.98534375,33.7,32.49,0.8189
2015-12-09,0.9844625,33.75,32.37,0.7981
2015-12-10,0.9835812500000001,33.16,32.7,0.8047
2015-12-11,0.9827,32.88,32.42,0.7928
2015-12-14,0.973,32.75,32.18,0.7947
2015-12-15,0.9633,33.2,32.76,0.8045
2015-12-16,0.9536,33.28,32.75,0.8094
2015-12-17,0.9439,33.56,32.65,0.7972
2015-12-18,0.9342,32.77,32.1,0.7842
2015-12-21,0.9245,32.93,32.2,0.8027
2015-12-22,0.9148,33.26,32.73,0.8035
2015-12-23,0.9051,33.185,32.92,0.8066
2015-12-24,0.8954,33.25,32.91,0.8094
2015-12-25,0.8929,33.195,32.635,0.8089999999999999
2015-12-28,0.8904,33.14,32.36,0.8086
2015-12-29,0.8879,33.78,33.07,0.8218
2015-12-30,0.8854,33.94,33.38,0.8147
2015-12-31,0.8829,33.49,32.96,0.8042
2016-01-01,0.9349000000000001,33.035,32.5,0.7969999999999999
2016-01-04,0.9869,32.58,32.04,0.7898
2016-01-05,1.9538,33.44,32.5,0.8025
2016-01-06,1.876752941176471,32.5,31.16,0.7694
2016-01-07,1.799705882352941,30.953,29.88,0.7388
2016-01-08,1.722658823529412,30.7,29.565,0.723
2016-01-11,1.645611764705882,29.89,29.15,0.7242
2016-01-12,1.568564705882353,30.62,29.97,0.7364
2016-01-13,1.491517647058823,30.61,29.23,0.714
2016-01-14,1.414470588235294,29.0,27.82,0.6996
2016-01-15,1.337423529411765,27.85,26.64,0.6615
2016-01-18,1.260376470588235,28.15,26.9275,0.6642
2016-01-19,1.183329411764706,28.45,27.215,0.6669
2016-01-20,1.106282352941176,27.83,26.45,0.6705
2016-01-21,1.029235294117647,28.23,27.21,0.6783
2016-01-22,0.9521882352941176,28.64,28.27,0.6942
2016-01-25,0.8751411764705883,28.765,28.355,0.6935
2016-01-26,0.7980941176470588,28.82,28.185,0.7003
2016-01-27,0.7210470588235294,28.745,27.815,0.692
2016-01-28,0.644,28.69,27.5,0.6844
2016-01-29,0.66762,29.345,28.18,0.7147
2016-02-01,0.69124,29.45,29.01,0.7149
2016-02-02,0.71486,29.15,27.86,0.6847
2016-02-03,0.73848,28.45,27.55,0.6881
2016-02-04,0.7621,28.85,27.93,0.6883
2016-02-05,0.78572,28.33,26.35,0.6449
2016-02-08,0.80934,26.16,24.85,0.6154
2016-02-09,0.8329599999999999,26.55,24.8,0.622
2016-02-10,0.85658,26.39,25.29,0.6205
2016-02-11,0.8802,25.56,24.78,0.6173
2016-02-12,0.90382,25.78,24.75,0.6278
2016-02-15,0.9274399999999999,26.405,25.385,0.6432
2016-02-16,0.95106,27.03,26.02,0.6586
2016-02-17,0.97468,27.92,27.22,0.6749
2016-02-18,0.9983,30.975,29.9,0.733
2016-02-19,0.9343,30.71,29.65,0.7428
2016-02-22,0.9355687500000001,31.87,30.82,0.7691
2016-02-23,0.9368375,31.9,31.12,0.7711
2016-02-24,0.93810625,31.868,30.6,0.7764
2016-02-25,0.9393750000000001,32.05,31.32,0.7781
2016-02-26,0.94064375,32.116,31.36,0.773
2016-02-29,0.9419125,32.02,31.34,0.768
2016-03-01,0.94318125,32.75,31.39,0.802
2016-03-02,0.94445,33.06,32.51,0.8067
2016-03-03,0.94571875,33.04,32.21,0.7996
2016-03-04,0.9469875,32.93,32.3,0.7971
2016-03-07,0.94825625,32.59,31.915,0.792
2016-03-08,0.949525,32.2,31.645,0.7775
2016-03-09,0.95079375,32.075,31.32,0.7771
2016-03-10,0.9520625,32.1,31.04,0.7758
2016-03-11,0.95333125,32.23,31.77,0.7891
2016-03-14,0.9546,32.43,31.92,0.791
2016-03-15,0.9255,32.34,31.57,0.7871
2016-03-16,0.8964,33.21,31.75,0.8106
2016-03-17,0.9595,33.14,32.374,0.8038
2016-03-18,0.9524888888888889,34.25,33.0,0.828
2016-03-21,0.9454777777777778,33.92,33.15,0.8304
2016-03-22,0.9384666666666667,34.085,33.43,0.829
2016-03-23,0.9314555555555556,34.68,33.85,0.8432
2016-03-24,0.9244444444444444,34.54,34.01,0.8444
2016-03-25,0.9174333333333333,34.76,34.195,0.8487
2016-03-28,0.9104222222222222,34.98,34.38,0.853
2016-03-29,0.903411111111111,35.47,34.6,0.8667
2016-03-30,0.8964,36.25,35.5,0.8757
2016-03-31,0.9225,36.0,35.35,0.8726
2016-04-01,0.9486,36.17,35.14,0.8853
2016-04-04,1.942533333333333,36.64,35.66,0.8767
2016-04-05,2.936466666666667,36.08,35.34,0.8755
2016-04-06,3.9304,35.82,34.63,0.8767
2016-04-07,3.736670588235294,35.89,35.28,0.8677
2016-04-08,3.542941176470588,35.95,35.305,0.8733
2016-04-11,3.349211764705882,36.47,35.76,0.8787
2016-04-12,3.155482352941176,36.05,35.14,0.8777
2016-04-13,2.96175294117647,36.75,36.0,0.8997
2016-04-14,2.768023529411765,37.0,36.49,0.9022
2016-04-15,2.574294117647058,37.46,36.712,0.9093
2016-04-18,2.380564705882353,37.06,36.61,0.9054
2016-04-19,2.186835294117647,37.18,36.08,0.8892
2016-04-20,1.993105882352941,36.67,36.21,0.8926
2016-04-21,1.799376470588235,36.63,36.25,0.8917
2016-04-22,1.605647058823529,36.78,36.145,0.8882
2016-04-25,1.411917647058823,36.65,36.18,0.8926
2016-04-26,1.218188235294118,37.09,36.32,0.8934
2016-04-27,1.024458823529411,37.33,36.323,0.9137
2016-04-28,0.8307294117647057,37.3,36.11,0.8865
2016-04-29,0.637,36.13,35.14,0.8701
2016-05-02,0.8643,36.22,35.7,0.8816
2016-05-03,0.8903,35.74,35.261,0.8711
2016-05-04,0.9163,35.17,34.4,0.8513
2016-05-05,0.9422999999999999,35.38,34.71,0.8564
2016-05-06,0.9682999999999999,35.425,34.84,0.8652
2016-05-09,0.9943,35.57,34.99,0.864
2016-05-10,1.2184,36.02,35.16,0.8806
2016-05-11,1.4425,36.46,35.87,0.8831
2016-05-12,1.6666,36.48,34.93,0.8711
2016-05-13,1.8907,41.0,39.0,1.0036
2016-05-16,1.5911,42.8,40.54,1.0332
2016-05-17,1.2915,42.58,41.46,1.0354
2016-05-18,0.9919,43.85,42.0,1.0619
2016-05-19,0.9913222222222222,43.859,43.13,1.0665
2016-05-20,0.9907444444444444,44.51,43.75,1.0856
2016-05-23,0.9901666666666666,44.69,44.13,1.0873
2016-05-24,0.9895888888888889,45.5,44.3,1.1137
2016-05-25,0.9890111111111112,45.69,44.81,1.1091
2016-05-26,0.9884333333333334,45.98,45.12,1.1209
2016-05-27,0.9878555555555556,45.97,45.55,1.127
2016-05-30,0.9872777777777778,46.3925,45.81,1.13705
2016-05-31,0.9867,46.815,46.07,1.1471
2016-06-01,0.98855,47.26,46.36,1.1493
2016-06-02,0.9904000000000001,47.54,46.6,1.1574
2016-06-03,0.9922500000000001,46.74,45.66,1.1412
2016-06-06,0.9941,46.96,46.0,1.1353
2016-06-07,0.99595,46.78,46.31,1.1376
2016-06-08,0.9978,46.51,45.8,1.1339
2016-06-09,0.99705,47.45,45.92,1.1633
2016-06-10,0.9963,47.24,46.14,1.1344
2016-06-13,0.99555,47.699,46.25,1.1489
2016-06-14,0.9948,47.1,46.155,1.1511
2016-06-15,0.99405,47.77,46.75,1.1628
2016-06-16,0.9933000000000001,47.63,46.551,1.1675
2016-06-17,0.99255,47.62,46.53,1.1471
2016-06-20,0.9918,48.17,47.44,1.1678
2016-06-21,0.97295,47.89,47.2,1.1606
2016-06-22,0.9541,47.68,47.15,1.1597
2016-06-23,0.9554636363636363,48.54,47.65,1.1906
2016-06-24,0.9568272727272726,47.36,45.3,1.1228
2016-06-27,0.9581909090909091,45.7,44.57,1.1108
2016-06-28,0.9595545454545454,46.15,45.27,1.127
2016-06-29,0.9609181818181818,47.01,46.18,1.1454
2016-06-30,0.9622818181818181,47.3,46.35,1.1543
2016-07-01,0.9636454545454545,47.36,46.5,1.1457
2016-07-04,0.9650090909090908,47.395,46.265,1.15415
2016-07-05,0.9663727272727273,47.43,46.03,1.1626
2016-07-06,0.9677363636363636,47.925,46.78,1.17
2016-07-07,0.9691,49.06,47.75,1.2004
2016-07-08,0.9616125,51.091,49.22,1.2485
2016-07-11,0.954125,52.4,51.52,1.2773
2016-07-12,0.9466375,53.28,51.94,1.2964
2016-07-13,0.9391499999999999,53.2,52.7,1.2959
2016-07-14,0.9316625,53.8,52.62,1.3092
2016-07-15,0.924175,52.935,51.841,1.294
2016-07-18,0.9166875,53.43,52.77,1.3006
2016-07-19,0.9092,53.729,52.84,1.3141
2016-07-20,0.9017125,54.505,53.48,1.3313
2016-07-21,0.894225,54.27,53.04,1.3067
2016-07-22,0.8867375000000001,54.67,53.02,1.3423
2016-07-25,0.8792500000000001,55.81,54.76,1.3671
2016-07-26,0.8717625,56.92,56.09,1.3905
2016-07-27,0.864275,57.22,55.72,1.3765
2016-07-28,0.8567875,56.6,56.014,1.3794
2016-07-29,0.8493,57.25,55.38,1.402
2016-08-01,0.86419,57.55,56.36,1.3929
2016-08-02,0.8790800000000001,57.03,55.5,1.376
2016-08-03,0.89397,56.3,55.66,1.3797
2016-08-04,0.90886,57.49,56.35,1.4052
2016-08-05,0.9237500000000001,58.23,57.61,1.429
2016-08-08,0.93864,59.14,58.12,1.4423
2016-08-09,0.95353,59.46,58.74,1.4459
2016-08-10,0.96842,59.5,58.324,1.4366
2016-08-11,0.98331,59.95,58.7,1.4658
2016-08-12,0.9982,63.38,60.63,1.5478
2016-08-15,0.9907642857142857,63.496,62.13,1.5464
2016-08-16,0.9833285714285714,62.99,62.41,1.537
2016-08-17,0.9758928571428571,62.74,60.655,1.5014
2016-08-18,0.9684571428571428,62.2,60.82,1.5248
2016-08-19,0.9610214285714286,62.73,61.8,1.5287
2016-08-22,0.9535857142857143,62.612,61.711,1.5351
2016-08-23,0.94615,63.32,62.73,1.5475
2016-08-24,0.9387142857142857,63.16,61.65,1.5236
2016-08-25,0.9312785714285714,61.99,60.76,1.5136
2016-08-26,0.9238428571428572,62.38,61.2,1.5259
2016-08-29,0.9164071428571429,62.53,61.885,1.5249
2016-08-30,0.9089714285714285,62.243,61.46,1.516
2016-08-31,0.9015357142857143,61.92,61.16,1.5089
2016-09-01,0.8941,63.38,61.34,1.5534
2016-09-02,1.02575,63.35,61.82,1.5382
2016-09-05,1.1574,63.235,62.1245,1.54545
2016-09-06,1.28905,63.12,62.429,1.5527
2016-09-07,1.4207,63.229,61.83,1.5298
2016-09-08,1.55235,62.74,61.42,1.5409
2016-09-09,1.684,62.3,59.0,1.4641
2016-09-12,1.81565,60.865,57.315,1.4944
2016-09-13,1.9473,61.3,59.53,1.4727
2016-09-14,0.8838,60.6,59.51,1.4858
2016-09-15,0.89251,62.76,60.36,1.5421
2016-09-16,0.90122,63.25,62.12,1.5458
2016-09-19,0.90993,65.26,63.21,1.5662
2016-09-20,0.91864,64.4,62.74,1.5519
2016-09-21,0.92735,64.98,63.27,1.5955
2016-09-22,0.93606,65.44,64.65,1.5994
2016-09-23,0.94477,65.29,64.66,1.5977
2016-09-26,0.95348,64.6,63.53,1.5827
2016-09-27,0.96219,66.64,64.06,1.6368
2016-09-28,0.9709,66.83,65.93,1.6427
2016-09-29,0.9738,67.61,66.051,1.658
2016-09-30,0.9767,69.19,67.37,1.6855
2016-10-03,0.9796,69.51,68.331,1.6838
2016-10-04,0.9825,69.7,67.79,1.6801
2016-10-05,0.9854,69.58,68.02,1.6784
2016-10-06,0.9773235294117647,67.83,66.26,1.6565
2016-10-07,0.9692470588235295,67.97,66.66,1.6444
2016-10-10,0.9611705882352941,67.56,66.47,1.6506
2016-10-11,0.9530941176470589,66.98,65.62,1.6267
2016-10-12,0.9450176470588235,66.779,65.31,1.6341
2016-10-13,0.9369411764705883,65.8,63.7,1.6075
2016-10-14,0.9288647058823529,66.6,65.6,1.6233
2016-10-17,0.9207882352941177,66.6,65.52,1.6139
2016-10-18,0.9127117647058823,66.99,66.25,1.6385
2016-10-19,0.9046352941176471,66.78,65.82,1.6351
2016-10-20,0.8965588235294117,67.95,66.3,1.6661
2016-10-21,0.8884823529411765,67.66,66.9,1.6614
2016-10-24,0.8804058823529411,70.79,67.99,1.7394
2016-10-25,0.8723294117647058,72.3,70.25,1.7679
2016-10-26,0.8642529411764706,72.95,71.2,1.775
2016-10-27,0.8561764705882353,72.85,70.385,1.7386
2016-10-28,0.8481,72.1,70.43,1.7357
2016-10-31,0.8630899999999999,71.625,70.75,1.7504
2016-11-01,0.87808,71.81,68.29,1.6985
2016-11-02,0.89307,70.52,68.636,1.6914
2016-11-03,0.90806,69.14,66.64,1.6717
2016-11-04,0.9230499999999999,68.731,66.575,1.6621
2016-11-07,0.93804,71.72,69.5,1.7531
2016-11-08,0.95303,71.77,70.5,1.7504
2016-11-09,0.96802,70.9,68.72,1.7209
2016-11-10,0.9830099999999999,71.5,66.76,1.6671
2016-11-11,0.998,88.77,78.5,2.1639
2016-11-14,1.48235,88.19,83.62,2.0574
2016-11-15,1.9667,87.45,83.93,2.1202
2016-11-16,1.4226,92.555,86.345,2.254
2016-11-17,0.8785,94.792,90.65,2.2727
2016-11-18,1.047437142857143,94.33,91.8,2.2965
2016-11-21,1.216374285714286,94.35,92.4,2.2872
2016-11-22,1.385311428571428,93.74,92.38,2.3037
2016-11-23,1.554248571428571,95.25,92.77,2.315
2016-11-24,1.723185714285714,95.175,93.09,2.31735
2016-11-25,1.892122857142857,95.1,93.41,2.3197
2016-11-28,2.06106,94.74,93.6,2.3184
2016-11-29,2.229997142857143,94.44,92.53,2.2973
2016-11-30,2.398934285714286,94.16,92.1,2.2714
2016-12-01,2.567871428571428,92.17,84.77,2.1591
2016-12-02,2.736808571428571,88.8,85.12,2.179
2016-12-05,2.905745714285714,92.61,89.0,2.2635
2016-12-06,3.074682857142857,93.73,91.57,2.3007
2016-12-07,3.24362,95.3,92.1,2.3421
2016-12-08,3.412557142857143,96.62,93.053,2.3029
2016-12-09,3.581494285714285,94.27,90.71,2.262
2016-12-12,3.750431428571428,89.95,87.54,2.2071
2016-12-13,3.919368571428571,92.29,90.05,2.246
2016-12-14,4.088305714285714,97.11,91.57,2.3761
2016-12-15,4.257242857142857,99.94,96.6,2.4318
2016-12-16,4.42618,100.7,97.726,2.4737
2016-12-19,4.595117142857142,102.45,99.0,2.5037
2016-12-20,4.764054285714286,106.13,104.12,2.5909
2016-12-21,4.932991428571428,105.95,103.71,2.6072
2016-12-22,5.101928571428571,108.87,106.53,2.6387
2016-12-23,5.270865714285714,109.835,106.27,2.7045
2016-12-26,5.439802857142856,113.5975,108.745,2.79735
2016-12-27,5.608739999999999,117.36,111.22,2.8902
2016-12-28,5.777677142857142,119.93,108.69,2.6914
2016-12-29,5.946614285714285,111.49,102.8,2.7451
2016-12-30,6.115551428571428,111.92,106.3,2.6296
2017-01-02,6.284488571428571,109.145,102.84,2.57135
2017-01-03,6.453425714285713,106.37,99.38,2.5131
2017-01-04,6.622362857142856,105.5,101.53,2.5717
2017-01-05,6.7913,105.82,101.05,2.5064
2017-01-06,6.19992,104.25,101.2,2.5399
2017-01-09,5.60854,108.0,103.5,2.6429
2017-01-10,5.01716,109.19,105.63,2.6229
2017-01-11,4.42578,106.2,104.15,2.5907
2017-01-12,3.8344,104.7,101.62,2.5483
2017-01-13,3.24302,105.0,103.06,2.5481
2017-01-16,2.65164,104.1,101.815,2.5195
2017-01-17,2.06026,103.2,100.57,2.4909
2017-01-18,1.46888,103.23,99.11,2.5362
2017-01-19,0.8775,106.46,102.98,2.5907
2017-01-20,0.9618333333333333,106.8,103.12,2.5623
2017-01-23,1.046166666666667,105.9,103.7,2.5889
2017-01-24,1.1305,107.58,104.9,2.6441
2017-01-25,1.214833333333333,109.3,106.335,2.6555
2017-01-26,1.299166666666667,109.95,106.7,2.7013
2017-01-27,1.3835,111.89,108.85,2.7535
2017-01-30,1.318516666666667,111.01,107.911,2.7104
2017-01-31,1.253533333333333,110.05,108.2,2.6897
2017-02-01,1.18855,114.12,109.86,2.8072
2017-02-02,1.123566666666667,115.74,112.06,2.8427
2017-02-03,1.058583333333333,115.9,113.9,2.8178
2017-02-06,0.9936,117.326,114.0,2.89
2017-02-07,0.9948,120.92,117.9,2.9348
2017-02-08,0.996,119.31,116.38,2.922
2017-02-09,0.9972,119.06,115.6,2.8671
2017-02-10,0.9984,120.7,112.6,2.7991
2017-02-13,0.8909,113.98,108.2,2.67
2017-02-14,0.8963529411764706,110.15,106.29,2.6798
2017-02-15,0.9018058823529412,109.8,107.76,2.6853
2017-02-16,0.9072588235294118,109.44,105.66,2.6422
2017-02-17,0.9127117647058823,107.41,104.79,2.6417
2017-02-20,0.918164705882353,109.32,106.505,2.689
2017-02-21,0.9236176470588235,111.23,108.22,2.7363
2017-02-22,0.9290705882352941,111.8,109.99,2.7321
2017-02-23,0.9345235294117648,106.39,99.68,2.4787
2017-02-24,0.9399764705882353,102.0,95.7,2.5027
2017-02-27,0.945429411764706,105.02,101.56,2.5754
2017-02-28,0.9508823529411765,105.2,100.775,2.5032
2017-03-01,0.9563352941176471,104.37,101.11,2.5355
2017-03-02,0.9617882352941177,102.84,98.89,2.442
2017-03-03,0.9672411764705883,98.77,96.22,2.4279
2017-03-06,0.9726941176470588,98.1,95.17,2.4092
2017-03-07,0.9781470588235295,99.53,97.15,2.4356
2017-03-08,0.9836,101.3,98.47,2.4311
2017-03-09,0.9656,99.45,97.4,2.4306
2017-03-10,0.9686,100.09,98.38,2.445
2017-03-13,0.9716,102.25,99.51,2.5123
2017-03-14,0.9746,102.75,100.47,2.5106
2017-03-15,0.9776,102.99,100.32,2.5296
2017-03-16,0.9765,103.83,102.41,2.5606
2017-03-17,0.9754,106.12,103.81,2.6164
2017-03-20,0.9743,109.61,106.13,2.6998
2017-03-21,0.9732,109.96,105.585,2.6124
2017-03-22,0.9721,108.26,105.3,2.6657
2017-03-23,0.971,108.557,106.7,2.6415
2017-03-24,0.9699,109.29,106.42,2.6509
2017-03-27,0.9691666666666666,108.405,103.575,2.6702
2017-03-28,0.9684333333333334,108.89,107.27,2.6563
2017-03-29,0.9677,108.49,107.25,2.6477
2017-03-30,0.9669666666666666,110.0,107.4,2.6985
2017-03-31,0.9662333333333334,109.89,108.402,2.6869
2017-04-03,0.9655,109.65,107.42,2.6734
2017-04-04,0.9190666666666667,104.42,100.34,2.4859
2017-04-05,0.8726333333333334,102.37,99.5,2.4674
2017-04-06,0.8262,101.25,98.41,2.4854
2017-04-07,0.8457142857142858,101.73,99.72,2.4748
2017-04-10,0.8652285714285715,100.63,97.6,2.4117
2017-04-11,0.8847428571428572,98.9,96.35,2.4203
2017-04-12,0.9042571428571429,98.7,97.1,2.4003
2017-04-13,0.9237714285714286,97.21,95.49,2.3554
2017-04-14,0.9432857142857143,98.225,95.645,2.4015500000000003
2017-04-17,0.9628,99.24,95.8,2.4477
2017-04-18,0.9642666666666666,99.54,97.6,2.4491
2017-04-19,0.9657333333333333,100.98,99.41,2.4588
2017-04-20,0.9672,101.446,99.41,2.4977
2017-04-21,0.9686666666666667,101.79,100.36,2.5081
2017-04-24,0.9701333333333333,103.48,102.11,2.5394
2017-04-25,0.9716,105.33,102.67,2.5836
2017-04-26,0.9730666666666666,105.39,103.94,2.5658
2017-04-27,0.9745333333333334,105.98,103.59,2.6058
2017-04-28,0.976,105.64,104.07,2.5727
2017-05-01,0.9774666666666667,106.85,104.45,2.6304
2017-05-02,0.9789333333333333,105.596,102.56,2.5525
2017-05-03,0.9804,104.64,102.6,2.5715
2017-05-04,0.9818666666666667,104.95,103.53,2.5616
2017-05-05,0.9833333333333334,104.15,102.75,2.5619
2017-05-08,0.9848,104.4,102.31,2.535
2017-05-09,0.9947,104.93,102.66,2.5392
2017-05-10,1.8702,121.82,114.02,2.9918
2017-05-11,4.9214,130.43,119.91,3.1203
2017-05-12,3.575733333333334,129.6,125.78,3.1546
2017-05-15,2.230066666666667,134.41,129.38,3.313
2017-05-16,0.8844,137.44,133.364,3.3746
2017-05-17,0.8966,134.86,127.55,3.1504
2017-05-18,0.9087999999999999,133.43,127.05,3.2824
2017-05-19,0.9209999999999999,138.22,135.22,3.3582
2017-05-22,0.9331999999999999,139.48,137.33,3.4298
2017-05-23,0.9454,139.79,135.71,3.3836
2017-05-24,0.9576,141.07,138.08,3.4216
2017-05-25,0.9698,140.03,136.44,3.414
2017-05-26,0.982,145.28,137.11,3.5024
2017-05-29,0.9942,145.7855,140.08,3.5398
2017-05-30,1.9703,146.291,143.05,3.5772
2017-05-31,1.86947,147.0,142.05,3.5644
2017-06-01,1.76864,145.03,142.52,3.5646
2017-06-02,1.66781,145.3,143.4,3.5468
2017-06-05,1.56698,148.53,142.51,3.6547
2017-06-06,1.46615,149.69,146.8,3.6382
2017-06-07,1.36532,149.88,147.7,3.6822
2017-06-08,1.26449,160.0,151.79,3.9493
2017-06-09,1.16366,168.5,142.75,3.694
2017-06-12,1.06283,151.7,142.11,3.7031
2017-06-13,0.962,154.77,145.65,3.7385
2017-06-14,0.96915,154.06,148.5,3.7464
2017-06-15,0.9763,153.6,146.5,3.7624
2017-06-16,0.98345,154.7,150.24,3.7439
2017-06-19,0.9906,157.53,153.26,3.8846
2017-06-20,1.15335,161.74,156.92,3.879
2017-06-21,1.3161,159.62,155.7,3.9377
2017-06-22,1.47885,160.34,157.4,3.9106
2017-06-23,1.6416,159.32,153.22,3.7985
2017-06-26,1.80435,156.6,148.33,3.757
2017-06-27,1.9671,151.79,146.35,3.6194
2017-06-28,1.80295,151.94,145.75,3.7471
2017-06-29,1.6388,150.72,144.08,3.6219
2017-06-30,1.47465,147.93,143.5,3.5696
2017-07-03,1.3105,145.654,138.58,3.4404
2017-07-04,1.14635,144.937,139.85500000000002,3.48635
2017-07-05,0.9822,144.22,141.13,3.5323
2017-07-06,0.9650882352941176,145.38,139.76,3.5429
2017-07-07,0.9479764705882353,147.5,144.85,3.6239
2017-07-10,0.9308647058823529,154.0,148.684,3.7952
2017-07-11,0.9137529411764705,156.19,152.15,3.8491
2017-07-12,0.8966411764705882,163.0,156.56,4.0128
2017-07-13,0.8795294117647059,166.3,158.75,3.9664
2017-07-14,0.8624176470588235,165.01,161.01,4.073
2017-07-17,0.8453058823529411,167.5,161.75,4.0558
2017-07-18,0.8281941176470589,166.55,161.3,4.098
2017-07-19,0.8110823529411765,167.4,164.61,4.0767
2017-07-20,0.7939705882352941,167.51,163.912,4.136
2017-07-21,0.7768588235294118,169.3,166.09,4.1508
2017-07-24,0.7597470588235294,168.78,165.72,4.1027
2017-07-25,0.7426352941176471,165.93,163.581,4.0829
2017-07-26,0.7255235294117647,169.927,165.85,4.1301
2017-07-27,0.7084117647058823,168.74,157.56,3.9938
2017-07-28,0.6913,165.38,159.28,4.0592
2017-07-31,1.3013,166.4,160.62,4.0128
2017-08-01,1.9113,164.56,161.0,4.0617
2017-08-02,1.7971625,165.91,161.27,4.0592
2017-08-03,1.683025,166.63,163.68,4.1108
2017-08-04,1.5688875,170.07,166.48,4.1288
2017-08-07,1.45475,172.37,168.0,4.2558
2017-08-08,1.3406125,174.56,168.71,4.2051
2017-08-09,1.226475,172.21,167.67,4.2498
2017-08-10,1.1123375,172.66,164.33,4.0679
2017-08-11,0.9982,159.0,152.91,3.8511
2017-08-14,0.996925,168.55,159.2,4.1582
2017-08-15,0.9956499999999999,169.67,165.59,4.1232
2017-08-16,0.994375,168.54,163.84,4.078
2017-08-17,0.9931,165.5,161.38,3.9871
2017-08-18,1.48035,164.36,159.64,3.9879
2017-08-21,1.9676,162.95,157.37,3.9298
2017-08-22,1.69545,162.79,159.71,4.0173
2017-08-23,1.4233,166.25,160.85,4.0976
2017-08-24,1.15115,167.28,164.12,4.0826
2017-08-25,0.879,166.58,163.55,4.0485
2017-08-28,0.9732409090909091,165.1,162.33,4.0771
2017-08-29,1.067481818181818,165.58,162.261,4.0704
2017-08-30,1.161722727272727,166.13,164.27,4.0947
2017-08-31,1.255963636363636,169.6,166.2,4.1876
2017-09-01,1.350204545454545,171.9,169.6,4.2128
2017-09-04,1.444445454545455,170.24200000000002,166.5815,4.156599999999999
2017-09-05,1.538686363636364,168.584,163.563,4.1004
2017-09-06,1.632927272727273,167.8,164.4,4.0979
2017-09-07,1.727168181818182,167.89,164.95,4.1169
2017-09-08,1.821409090909091,166.71,162.71,4.0455
2017-09-11,1.91565,169.433,165.32,4.1767
2017-09-12,2.009890909090909,170.0,166.97,4.1918
2017-09-13,2.104131818181818,171.54,167.28,4.2106
2017-09-14,2.198372727272727,172.56,167.8,4.1866
2017-09-15,2.292613636363637,180.11,172.65,4.4513
2017-09-18,2.386854545454546,191.2,184.86,4.6352
2017-09-19,2.481095454545454,189.85,184.615,4.6302
2017-09-20,2.575336363636364,189.42,184.21,4.5929
2017-09-21,2.669577272727273,182.7,177.61,4.4674
2017-09-22,2.763818181818182,182.31,178.6,4.4239
2017-09-25,2.858059090909091,177.8,170.16,4.2261
2017-09-26,2.9523,178.68,170.35,4.2499
2017-09-27,0.9936,176.27,172.75,4.343
2017-09-28,0.9932,176.18,173.76,4.3418
2017-09-29,1.2391,179.73,177.25,4.4182
2017-10-02,1.485,181.98,177.0,4.4239
2017-10-03,1.7309,180.58,177.58,4.433
2017-10-04,1.9768,181.77,178.14,4.4701
2017-10-05,2.2227,182.0,179.56,4.4676
2017-10-06,2.4686,181.84,179.0,4.4807
2017-10-09,2.7145,186.73,182.03,4.5818
2017-10-10,2.9604,192.95,187.26,4.6693
2017-10-11,2.878658333333333,191.0,187.74,4.719
2017-10-12,2.796916666666667,193.09,189.93,4.7212
2017-10-13,2.715175,195.0,191.65,4.8092
2017-10-16,2.633433333333333,198.048,193.24,4.8917
2017-10-17,2.551691666666667,198.9,196.35,4.8873
2017-10-18,2.46995,198.14,193.32,4.8831
2017-10-19,2.388208333333333,198.0,192.45,4.8885
2017-10-20,2.306466666666667,199.59,196.54,4.8662
2017-10-23,2.224725,198.85,195.8,4.8593
2017-10-24,2.142983333333333,198.75,195.94,4.9102
2017-10-25,2.061241666666667,199.22,191.17,4.7862
2017-10-26,1.9795,196.16,193.81,4.8363
2017-10-27,0.6833,201.87,196.75,4.9888
2017-10-30,0.8322,206.09,201.22,5.0378
2017-10-31,0.9811,207.89,204.9,5.1112
2017-11-01,0.9831125,209.97,204.6,5.1208
2017-11-02,0.985125,207.81,203.65,5.0897
2017-11-03,0.9871375,208.69,205.341,5.1576
2017-11-06,0.98915,209.98,206.7,5.1809
2017-11-07,0.9911625,212.9,210.056,5.2402
2017-11-08,0.9931749999999999,212.0,207.24,5.1692
2017-11-09,0.9951875,206.33,200.37,5.0743
2017-11-10,0.9972,218.67,211.63,5.3418
2017-11-13,0.98995,217.17,212.01,5.255
2017-11-14,0.9827,214.8,211.23,5.2933
2017-11-15,0.948,212.0,207.8,5.1895
2017-11-16,0.9133,214.2,211.25,5.2298
2017-11-17,1.063414285714286,215.35,210.75,5.2236
2017-11-20,1.213528571428571,214.57,210.5,5.2908
2017-11-21,1.363642857142857,216.52,214.4,5.3395
2017-11-22,1.513757142857143,217.0,213.61,5.3155
2017-11-23,1.663871428571428,217.0,214.105,5.3406
2017-11-24,1.813985714285714,217.0,214.6,5.3657
2017-11-27,1.9641,217.36,214.01,5.296
2017-11-28,1.7699,214.73,208.24,5.2112
2017-11-29,1.5757,210.123,191.23,4.8578
2017-11-30,1.3815,202.68,196.65,4.9639
2017-12-01,1.1873,200.13,192.47,4.8889
2017-12-04,0.9931,200.3,184.5,4.6164
2017-12-05,0.9909250000000001,192.7,180.58,4.6431
2017-12-06,0.98875,190.14,184.84,4.6807
2017-12-07,0.986575,193.6,190.12,4.7482
2017-12-08,0.9844,194.78,191.15,4.7358
2017-12-11,0.9869,194.78,191.42,4.8142
2017-12-12,0.9894000000000001,193.84,189.89,4.7198
2017-12-13,0.9919,192.55,185.88,4.6045
2017-12-14,0.9335,189.34,184.6,4.6117
2017-12-15,0.8751,192.38,185.62,4.7376
2017-12-18,1.12801875,198.02,192.0,4.8944
2017-12-19,1.3809375,197.73,194.96,4.8501
2017-12-20,1.63385625,198.07,194.55,4.8672
2017-12-21,1.886775,197.95,195.55,4.8447
2017-12-22,2.13969375,195.65,191.25,4.8293
2017-12-25,2.3926125,196.7,191.535,4.85615
2017-12-26,2.64553125,197.75,191.82,4.883
2017-12-27,2.89845,199.97,196.31,4.8763
2017-12-28,3.15136875,199.38,197.151,4.882
2017-12-29,3.404287500000001,198.46,193.5,4.7855
2018-01-01,3.657206250000001,198.98,194.0,4.85785
2018-01-02,3.910125,199.5,194.5,4.9302
2018-01-03,4.16304375,213.7,203.75,5.2547
2018-01-04,4.4159625,218.05,212.69,5.2824
2018-01-05,4.66888125,216.91,211.08,5.3272
2018-01-08,4.9218,225.0,218.58,5.4904
2018-01-09,2.9542,223.82,218.64,5.4889
2018-01-10,0.9866,223.82,216.0,5.5319
2018-01-11,0.9616583333333334,226.27,223.21,5.5418
2018-01-12,0.9367166666666666,224.99,221.34,5.5146
2018-01-15,0.911775,226.25,219.015,5.4791
2018-01-16,0.8868333333333334,227.51,216.69,5.4436
2018-01-17,0.8618916666666667,225.12,216.9,5.5577
2018-01-18,0.8369500000000001,226.64,222.68,5.5507
2018-01-19,0.8120083333333333,231.09,227.0,5.691
2018-01-22,0.7870666666666667,233.76,228.1,5.7795
2018-01-23,0.762125,239.83,235.101,5.9086
2018-01-24,0.7371833333333333,240.494,233.55,5.8317
2018-01-25,0.7122416666666667,239.75,235.75,5.8453
2018-01-26,0.6873,243.34,237.6,6.0179
2018-01-29,1.030166666666667,248.11,240.61,6.105
2018-01-30,1.373033333333333,246.42,238.41,6.0028
2018-01-31,1.7159,249.27,244.45,6.079
2018-02-01,1.4729,246.9,238.06,5.9479
2018-02-02,1.2299,237.97,231.17,5.7753
2018-02-05,0.9869,233.23,205.0,5.2851
2018-02-06,0.9898,225.7,204.0,5.5789
2018-02-07,0.9927,234.97,226.7,5.6586
2018-02-08,0.9956,235.22,217.51,5.3796
2018-02-09,0.9985,238.89,217.52,5.7397
2018-02-12,0.9968,235.48,225.031,5.6395
2018-02-13,0.9951000000000001,234.5,225.25,5.7533
2018-02-14,0.9934000000000001,242.593,230.55,5.9707
2018-02-15,0.9917,248.37,241.52,6.0963
2018-02-16,0.99,250.0,243.47,6.0305
2018-02-19,0.9883000000000001,250.935,244.035,6.0953
2018-02-20,0.9866,251.87,244.6,6.1601
2018-02-21,0.9849,251.968,241.36,5.9729
2018-02-22,0.9832,245.63,239.5,5.9925
2018-02-23,0.9815,245.93,242.52,6.086
2018-02-26,0.9798,247.98,244.06,6.1021
2018-02-27,0.9781,248.91,245.13,6.0892
2018-02-28,0.9763999999999999,248.1,241.53,5.9887
2018-03-01,0.9747,244.09,228.125,5.7465
2018-03-02,0.973,236.8,221.85,5.8536
2018-03-05,0.9596142857142856,237.25,229.521,5.8316
2018-03-06,0.9462285714285714,242.94,237.36,5.9927
2018-03-07,0.9328428571428571,243.95,237.95,5.9848
2018-03-08,0.9194571428571429,242.95,239.391,5.9684
2018-03-09,0.9060714285714285,245.85,242.45,6.0711
2018-03-12,0.8926857142857143,253.0,246.672,6.1808
2018-03-13,0.8793,254.5,246.04,6.13
2018-03-14,0.9024,250.55,246.22,6.1555
2018-03-15,0.9255,252.62,247.64,6.1704
2018-03-16,0.9486,251.25,248.48,6.1986
2018-03-19,0.9717,249.35,237.0,5.964
2018-03-20,0.9948,251.15,241.12,6.1763
2018-03-21,1.4852,252.0,247.33,6.1511
2018-03-22,1.9756,247.88,240.341,5.985
2018-03-23,2.466,242.67,232.52,5.7653
2018-03-26,2.9564,244.53,235.9,6.0501
2018-03-27,3.4468,250.0,219.845,5.5809
2018-03-28,3.9372,229.39,217.0,5.4777
2018-03-29,3.745794117647059,235.5,220.7,5.7311
2018-03-30,3.554388235294117,235.075,219.1,5.6007
2018-04-02,3.362982352941176,234.65,217.5,5.4703
2018-04-03,3.171576470588235,230.35,221.35,5.5767
2018-04-04,2.980170588235294,226.661,214.0,5.5987
2018-04-05,2.788764705882353,229.13,218.49,5.4785
2018-04-06,2.597358823529412,221.6,213.074,5.302
2018-04-09,2.40595294117647,221.97,214.6,5.3307
2018-04-10,2.214547058823529,229.0,222.41,5.6401
2018-04-11,2.023141176470588,228.976,224.921,5.5987
2018-04-12,1.831735294117647,235.32,228.215,5.8056
2018-04-13,1.640329411764706,237.51,229.55,5.7289
2018-04-16,1.448923529411764,232.84,227.68,5.7286
2018-04-17,1.257517647058823,238.4,231.35,5.8784
2018-04-18,1.066111764705882,239.25,232.77,5.8494
2018-04-19,0.874705882352941,233.1,226.8,5.668
2018-04-20,0.6833,232.1,227.45,5.6599
2018-04-23,0.7075125,231.5,222.83,5.5403
2018-04-24,0.731725,228.8,218.56,5.474
2018-04-25,0.7559375,221.575,210.3,5.3617
2018-04-26,0.78015,225.55,220.53,5.5735
2018-04-27,0.8043625,230.3,224.62,5.601
2018-04-30,0.8285750000000001,229.0,224.12,5.5656
2018-05-01,0.8527875,227.25,222.2,5.621
2018-05-02,0.877,228.8,225.25,5.6005
2018-05-03,0.8134,234.05,225.77,5.7658
2018-05-04,0.8442000000000001,239.189,231.13,5.916
2018-05-07,0.875,250.99,242.89,6.154
2018-05-08,0.9057999999999999,250.51,246.71,6.1966
2018-05-09,0.9366,255.87,250.11,6.3298
2018-05-10,0.9674,260.5,257.2,6.4374
2018-05-11,0.9982,259.79,250.54,6.2988
2018-05-14,0.996,258.49,254.4,6.3194
2018-05-15,0.9938,252.9,241.5,6.0768
2018-05-16,0.9916,248.52,242.51,6.088
2018-05-17,0.97255,251.5,245.43,6.13
2018-05-18,0.9535,252.37,245.74,6.0862
2018-05-21,0.93445,250.03,240.49,6.0442
2018-05-22,0.9154,245.8,240.25,6.0061
2018-05-23,0.89635,247.59,240.25,6.1296
2018-05-24,0.8773,249.4,245.241,6.1333
2018-05-25,0.9075,249.94,246.76,6.1727
2018-05-28,0.9377,250.64,246.73,6.164149999999999
2018-05-29,0.9679,251.34,246.7,6.1556
2018-05-30,0.9981,253.34,248.952,6.2646
2018-05-31,1.327833333333333,255.2,251.27,6.2448
2018-06-01,1.657566666666667,257.87,253.65,6.3792
2018-06-04,1.9873,265.74,257.7,6.5583
2018-06-05,1.919646666666667,266.59,263.17,6.5637
2018-06-06,1.851993333333333,265.28,260.77,6.5657
2018-06-07,1.78434,265.479,259.25,6.51
2018-06-08,1.716686666666667,264.0,259.2,6.4946
2018-06-11,1.649033333333333,263.45,260.1,6.4535
2018-06-12,1.58138,263.07,259.66,6.502
2018-06-13,1.513726666666667,265.67,262.031,6.4976
2018-06-14,1.446073333333333,269.2,263.62,6.6093
2018-06-15,1.37842,267.48,263.348,6.5684
2018-06-18,1.310766666666667,265.8,262.38,6.5642
2018-06-19,1.243113333333333,263.64,255.02,6.4424
2018-06-20,1.17546,264.45,260.281,6.4954
2018-06-21,1.107806666666667,264.34,256.8,6.3666
2018-06-22,1.040153333333333,258.49,250.33,6.2141
2018-06-25,0.9725,246.8,235.54,5.9211
2018-06-26,0.9571736842105264,245.65,239.91,5.9922
2018-06-27,0.9418473684210527,246.43,235.5,5.8369
2018-06-28,0.926521052631579,241.34,235.01,5.9642
2018-06-29,0.9111947368421053,244.0,236.85,5.8662
2018-07-02,0.8958684210526316,242.39,233.265,5.9984
2018-07-03,0.8805421052631579,243.88,236.5,5.8647
2018-07-04,0.8652157894736843,243.405,237.0,5.9376
2018-07-05,0.8498894736842105,242.93,237.5,6.0105
2018-07-06,0.8345631578947369,247.665,240.88,6.1244
2018-07-09,0.8192368421052632,250.72,246.071,6.172
2018-07-10,0.8039105263157895,254.14,248.12,6.271
2018-07-11,0.7885842105263159,250.9,247.1,6.1294
2018-07-12,0.7732578947368421,253.17,248.96,6.221
2018-07-13,0.7579315789473684,251.98,247.62,6.1737
2018-07-16,0.7426052631578948,250.34,247.7,6.146
2018-07-17,0.7272789473684211,254.3,245.18,6.2819
2018-07-18,0.7119526315789474,253.95,249.64,6.2326
2018-07-19,0.6966263157894736,253.39,250.33,6.2408
2018-07-20,0.6813,253.5,250.45,6.2126
2018-07-23,0.7586117647058823,249.89,243.28,6.1759
2018-07-24,0.8359235294117647,254.85,248.0,6.1586
2018-07-25,0.9132352941176471,252.38,246.75,6.2368
2018-07-26,0.9905470588235294,256.33,250.38,6.3104
2018-07-27,1.067858823529412,256.6,249.84,6.2406
2018-07-30,1.145170588235294,252.83,242.72,6.0452
2018-07-31,1.222482352941177,247.88,242.141,6.0633
2018-08-01,1.299794117647059,248.36,243.886,6.1031
2018-08-02,1.377105882352941,250.78,241.21,6.2059
2018-08-03,1.454417647058824,253.06,250.93,6.2425
2018-08-06,1.531729411764706,254.17,249.706,6.2903
2018-08-07,1.609041176470588,257.7,254.92,6.3626
2018-08-08,1.686352941176471,260.24,255.59,6.399
2018-08-09,1.763664705882353,259.25,256.15,6.3505
2018-08-10,1.840976470588235,256.1,252.7,6.3092
2018-08-13,1.918288235294118,261.0,255.07,6.3421
2018-08-14,1.9956,262.0,257.02,6.4736
2018-08-15,1.662866666666667,263.639,255.9,6.4154
2018-08-16,1.330133333333333,262.0,255.01,6.3748
2018-08-17,0.9974,252.97,243.73,6.0623
2018-08-20,1.49585,253.2,238.72,6.1371
2018-08-21,1.9943,253.5,247.7,6.2727
2018-08-22,1.621866666666667,263.02,251.86,6.508
2018-08-23,1.249433333333333,269.48,260.701,6.6075
2018-08-24,0.877,272.81,267.0,6.7408
2018-08-27,0.8532714285714286,278.9,272.145,6.8319
2018-08-28,0.8295428571428571,276.58,269.53,6.7942
2018-08-29,0.8058142857142857,279.5,273.08,6.8998
2018-08-30,0.7820857142857143,281.717,276.32,6.8829
2018-08-31,0.7583571428571428,281.2,276.6,6.954
2018-09-03,0.7346285714285714,283.21000000000004,277.8,6.99145
2018-09-04,0.7109,285.22,279.0,7.0289
2018-09-05,0.76652,284.42,275.15,6.8981
2018-09-06,0.82214,277.86,271.391,6.7568
2018-09-07,0.87776,276.93,267.19,6.7355
2018-09-10,0.93338,275.93,271.0,6.8066
2018-09-11,0.989,276.4,272.02,6.7588
2018-09-12,1.98815,271.98,261.92,6.6448
2018-09-13,2.9873,275.0,270.161,6.7226
2018-09-14,2.933894736842106,279.1,273.5,6.8487
2018-09-17,2.880489473684211,277.38,273.15,6.7868
2018-09-18,2.827084210526316,278.24,270.75,6.7147
2018-09-19,2.773678947368421,272.699,268.25,6.7385
2018-09-20,2.720273684210527,268.76,264.1,6.5973
2018-09-21,2.666868421052632,268.6,262.11,6.5272
2018-09-24,2.613463157894737,265.84,258.68,6.5829
2018-09-25,2.560057894736842,269.42,264.91,6.65
2018-09-26,2.506652631578948,270.24,266.28,6.6131
2018-09-27,2.453247368421053,269.2,266.13,6.625
2018-09-28,2.399842105263158,281.915,271.6,6.9625
2018-10-01,2.346436842105263,292.06,282.6,7.1691
2018-10-02,2.293031578947368,292.76,285.58,7.0977
2018-10-03,2.239626315789474,289.62,282.53,7.1039
2018-10-04,2.186221052631579,286.25,276.18,6.9196
2018-10-05,2.132815789473684,280.8,267.54,6.686
2018-10-08,2.079410526315789,271.16,260.08,6.5846
2018-10-09,2.026005263157895,268.76,262.8,6.5789
2018-10-10,1.9726,263.11,245.6,6.0871
2018-10-11,1.874227272727273,247.56,234.261,5.8255
2018-10-12,1.775854545454545,249.541,239.65,6.1082
2018-10-15,1.677481818181818,246.0,235.34,5.8317
2018-10-16,1.579109090909091,246.28,237.94,6.0906
2018-10-17,1.480736363636364,249.88,241.08,6.022
2018-10-18,1.382363636363636,247.41,237.09,5.9345
2018-10-19,1.283990909090909,242.55,227.7,5.6778
2018-10-22,1.185618181818182,235.32,227.07,5.7286
2018-10-23,1.087245454545454,224.19,216.71,5.4769
2018-10-24,0.9888727272727271,221.39,198.85,4.9405
2018-10-25,0.8905,209.75,193.682,5.1494
2018-10-26,0.8566333333333334,204.842,193.12,4.9128
2018-10-29,0.8227666666666666,204.13,176.01,4.5989
2018-10-30,0.7888999999999999,203.4,185.62,5.0295
2018-10-31,0.7550333333333333,212.59,204.01,5.2235
2018-11-01,0.7211666666666667,218.49,207.19,5.4038
2018-11-02,0.6873,222.0,210.211,5.3248
2018-11-05,0.7318666666666667,215.33,205.28,5.2468
2018-11-06,0.7764333333333333,214.85,209.565,5.2292
2018-11-07,0.821,217.41,211.18,5.2968
2018-11-08,0.8655666666666667,211.43,203.83,5.1035
2018-11-09,0.9101333333333333,209.32,201.04,5.0956
2018-11-12,0.9547,202.87,188.66,4.696
2018-11-13,0.9947,204.21,193.237,4.938
2018-11-14,0.9958666666666667,206.88,192.83,4.8855
2018-11-15,0.9970333333333333,205.3,195.5,5.0144
2018-11-16,0.9982,170.66,161.61,4.0739
2018-11-19,1.6199,161.82,144.63,3.585
2018-11-20,2.2416,154.26,133.31,3.6936
2018-11-21,2.8633,155.3,143.61,3.5853
2018-11-22,2.7534,152.445,143.1995,3.5889
2018-11-23,2.6435,149.59,142.789,3.5925
2018-11-26,2.5336,153.47,146.56,3.7919
2018-11-27,2.4237,157.01,150.55,3.8088
2018-11-28,2.3138,160.28,153.125,3.9658
2018-11-29,2.2039,161.5,156.14,3.9026
2018-11-30,2.094,163.86,155.72,4.0531
2018-12-03,1.9841,174.68,167.34,4.2171
2018-12-04,0.8799,168.44,156.5,3.8964
2018-12-05,0.8794166666666667,163.466,153.655,3.91105
2018-12-06,0.8789333333333333,158.492,150.81,3.9257
2018-12-07,0.87845,158.87,145.616,3.6608
2018-12-10,0.8779666666666667,152.86,145.65,3.7662
2018-12-11,0.8774833333333334,155.89,145.0,3.6752
2018-12-12,0.877,152.78,144.82,3.6928
2018-12-13,0.858325,153.38,147.44,3.6925
2018-12-14,0.83965,150.59,145.5,3.632
2018-12-17,0.820975,148.15,141.24,3.5609
2018-12-18,0.8023,150.33,144.25,3.6442
2018-12-19,0.783625,147.745,136.43,3.4351
2018-12-20,0.76495,141.8,132.688,3.3505
2018-12-21,0.746275,137.5,128.46,3.2134
2018-12-24,0.7276,129.98,124.5,3.1516
2018-12-25,0.314575,131.56,124.48,3.2262500000000003
2018-12-26,-0.09844999999999993,133.14,124.46,3.3009
2018-12-27,-0.5114749999999999,132.38,125.18,3.2531
2018-12-28,-0.9245,137.39,130.31,3.3146
2018-12-31,1.8264,136.71,132.26,3.3109
2019-01-01,1.460133333333333,137.595,131.155,3.3446
2019-01-02,1.093866666666667,138.48,130.05,3.3783
2019-01-03,0.7276,135.16,127.693,3.1742
2019-01-04,0.4867,137.73,129.7,3.3776
2019-01-07,2.9707,144.89,136.43,3.5564
2019-01-08,0.9979,146.78,136.9,3.4679
2019-01-09,0.8991,144.49,139.86,3.5361
2019-01-10,0.3290999999999999,145.58,139.36,3.6018
2019-01-11,-0.2409,149.75,143.21,3.6911
2019-01-14,1.706,151.46,145.77,3.731
2019-01-15,1.2883,153.35,149.13,3.7168
2019-01-16,0.8706,152.3,148.615,3.6913
2019-01-17,0.8953,153.33,146.41,3.7627
2019-01-18,0.92,157.98,151.65,3.8919
2019-01-21,2.6051,157.07999999999998,149.6005,3.79075
2019-01-22,2.135566666666667,156.18,147.551,3.6896
2019-01-23,1.666033333333333,154.58,148.03,3.7025
2019-01-24,1.1965,158.55,152.51,3.9145
2019-01-25,3.5251,160.88,151.3,3.9718
2019-01-28,0.9972,141.64,131.0,3.4227
2019-01-29,-0.9245,138.1,131.01,3.2637
2019-01-30,-0.1025999999999999,137.97,131.46,3.4073
2019-01-31,0.7193,145.19,136.383,3.5651
2019-02-01,3.4768,146.79,142.58,3.5894
2019-02-04,1.9218,150.68,144.48,3.6997
2019-02-05,0.8383,151.43,148.3,3.7188
2019-02-06,-0.2452,155.6,151.07,3.7945
2019-02-07,0.3666,151.22,145.69,3.6561
2019-02-08,0.9784,148.6,144.13,3.6747
2019-02-11,2.4815,148.58,144.5,3.632
2019-02-12,2.670466666666667,151.8,147.42,3.7491
2019-02-13,2.859433333333333,155.83,151.81,3.7915
2019-02-14,3.0484,155.665,151.1,3.8324
2019-02-15,2.8505,163.87,156.42,3.9021
2019-02-18,-0.004499999999999948,161.88,156.27999999999997,3.8934
2019-02-19,0.37335,159.89,156.14,3.8847
2019-02-20,0.7512,161.26,157.37,3.9321
2019-02-21,0.765311111111111,160.05,155.18,3.8632
2019-02-22,0.7794222222222222,159.95,157.31,3.948
2019-02-25,0.7935333333333333,165.28,158.34,3.9356
2019-02-26,0.8076444444444444,160.76,155.75,3.8962
2019-02-27,0.8217555555555556,157.59,153.11,3.8542
2019-02-28,0.8358666666666666,155.9,153.36,3.8297
2019-03-01,0.8499777777777777,158.149,153.92,3.884
2019-03-04,0.8640888888888889,158.92,154.5,3.8922
2019-03-05,0.8782,158.057,153.96,3.8858
2019-03-06,0.908175,156.5,151.94,3.7748
2019-03-07,0.93815,151.49,147.4,3.7055
2019-03-08,0.968125,151.07,144.8,3.7398
2019-03-11,0.9981,162.06,149.69,4.0005
2019-03-12,2.316533333333333,164.39,159.19,4.0347
2019-03-13,3.634966666666667,169.8,163.73,4.1862
2019-03-14,4.9534,169.47,165.25,4.1102
2019-03-15,6.271833333333333,171.53,167.16,4.2157
2019-03-18,7.590266666666666,173.25,167.858,4.1944
2019-03-19,8.9087,177.5,172.08,4.3622
2019-03-20,8.019333333333334,179.03,173.0,4.3297
2019-03-21,7.129966666666666,185.0,175.13,4.5665
2019-03-22,6.240600000000001,184.8,176.94,4.4066
2019-03-25,5.351233333333333,178.45,171.11,4.3143
2019-03-26,4.461866666666667,181.75,174.597,4.391
2019-03-27,3.572500000000001,179.77,173.7,4.3818
2019-03-28,2.683133333333334,179.9,175.11,4.4004
2019-03-29,1.793766666666667,180.54,177.91,4.4578
2019-04-01,0.9044,183.5,180.375,4.5253
2019-04-02,0.9234,184.789,181.52,4.5432
2019-04-03,0.9424,191.0,184.8,4.6827
2019-04-04,0.9613999999999999,189.97,185.73,4.6738
2019-04-05,0.9803999999999999,191.65,188.53,4.7405
2019-04-08,0.9994,192.8,188.75,4.7614
2019-04-09,0.86452,190.89,187.56,4.6986
2019-04-10,0.7296400000000001,193.14,189.05,4.7691
2019-04-11,0.5947600000000001,193.47,189.55,4.7552
2019-04-12,0.4598800000000001,193.26,189.66,4.7172
2019-04-15,0.325,189.9,183.1,4.5854
2019-04-16,0.4366833333333333,188.97,184.964,4.6725
2019-04-17,0.5483666666666667,190.46,186.39,4.6497
2019-04-18,0.66005,188.93,185.18,4.6251
2019-04-19,0.7717333333333333,189.015,184.63,4.65205
2019-04-22,0.8834166666666665,189.1,184.08,4.679
2019-04-23,0.9951,191.93,188.61,4.7336
2019-04-24,0.923275,192.81,188.64,4.746
2019-04-25,0.85145,190.45,183.7,4.6402
2019-04-26,0.779625,180.888,173.3,4.4213
2019-04-29,0.7078,180.45,175.5,4.4521
2019-04-30,0.635975,182.03,177.26,4.4935
2019-05-01,0.5641499999999999,184.81,180.46,4.4804
2019-05-02,0.492325,184.87,179.115,4.5479
2019-05-03,0.4205,183.93,180.53,4.5434
2019-05-06,0.768075,180.34,174.0,4.465
2019-05-07,1.11565,177.9,171.17,4.2976
2019-05-08,1.463225,177.15,171.52,4.3177
2019-05-09,1.8108,171.53,165.4,4.2251
2019-05-10,1.675383333333333,171.59,164.0,4.1911
2019-05-13,1.539966666666667,164.43,157.81,3.9337
2019-05-14,1.40455,163.46,158.49,4.0228
2019-05-15,1.269133333333333,161.05,157.41,3.9617
2019-05-16,1.133716666666667,161.905,157.65,3.9769
2019-05-17,0.9983,163.71,154.94,3.886
2019-05-20,0.9683999999999999,154.77,150.75,3.7674
2019-05-21,0.9385,155.7,152.64,3.8495
2019-05-22,0.9086000000000001,154.55,151.76,3.7785
2019-05-23,0.8787,149.69,144.911,3.6574
2019-05-24,2.9208,149.5,144.88,3.6035
2019-05-27,4.962899999999999,148.34,144.065,3.5809
2019-05-28,0.993,147.18,143.25,3.5583
2019-05-29,1.130828571428572,142.82,138.94,3.4841
2019-05-30,1.268657142857143,141.75,137.57,3.4575
2019-05-31,1.406485714285714,138.449,135.39,3.3668
2019-06-03,1.544314285714286,137.47,132.6,3.325
2019-06-04,1.682142857142857,143.21,135.468,3.5542
2019-06-05,1.819971428571429,146.19,139.82,3.5114
2019-06-06,1.9578,144.77,141.35,3.5736
2019-06-07,1.6346,146.88,143.25,3.6163
2019-06-10,1.3114,151.19,147.76,3.6891
2019-06-11,0.9882,152.36,149.16,3.7468
2019-06-12,0.9771,149.25,145.59,3.6337
2019-06-13,0.984,149.0,146.38,3.6849
2019-06-14,0.9909,145.49,142.836,3.5949
2019-06-17,0.9978,146.521,143.65,3.6046
2019-06-18,0.7975,155.11,147.06,3.7997
2019-06-19,0.8174899999999999,154.757,152.074,3.8057
2019-06-20,0.83748,157.33,153.518,3.8301
2019-06-21,0.85747,155.48,151.5,3.7719
2019-06-24,0.87746,153.85,150.72,3.7943
2019-06-25,0.89745,155.88,151.37,3.7649
2019-06-26,0.91744,161.72,156.09,3.9583
2019-06-27,0.93743,164.0,161.26,4.057
2019-06-28,0.9574199999999999,165.37,162.35,4.0818
2019-07-01,0.97741,173.95,164.66,4.1301
2019-07-02,0.9974,166.349,161.7,4.0321
2019-07-03,1.049263157894737,163.4,160.342,4.0451
2019-07-04,1.101126315789474,161.99,159.01100000000002,4.01375
2019-07-05,1.152989473684211,160.58,157.68,3.9824
2019-07-08,1.204852631578947,158.59,156.0,3.9074
2019-07-09,1.256715789473684,158.44,155.0,3.9098
2019-07-10,1.308578947368421,162.369,158.5,3.9782
2019-07-11,1.360442105263158,167.92,161.5,4.1328
2019-07-12,1.412305263157895,170.47,167.4,4.1658
2019-07-15,1.464168421052632,169.106,166.13,4.1574
2019-07-16,1.516031578947369,168.17,164.843,4.1527
2019-07-17,1.567894736842105,169.99,165.974,4.218
2019-07-18,1.619757894736842,172.71,167.85,4.2297
2019-07-19,1.671621052631579,171.98,168.2,4.1865
2019-07-22,1.723484210526316,171.84,169.0,4.2581
2019-07-23,1.775347368421053,175.74,172.27,4.3659
2019-07-24,1.82721052631579,178.89,174.34,4.4405
2019-07-25,1.879073684210526,177.5,172.44,4.3093
2019-07-26,1.930936842105263,176.95,174.47,4.3513
2019-07-29,1.9828,175.47,171.27,4.345
2019-07-30,1.590525,175.94,172.37,4.3607
2019-07-31,1.19825,174.215,167.02,4.1934
2019-08-01,0.8059750000000001,172.78,162.82,4.099
2019-08-02,0.4137,163.98,159.28,4.0063
2019-08-05,0.4974,153.85,148.9,3.7478
2019-08-06,0.5811000000000001,155.63,150.43,3.7866
2019-08-07,0.6648000000000001,154.37,149.2,3.8248
2019-08-08,0.7485,158.31,153.9,3.9335
2019-08-09,0.8322,156.75,152.15,3.832
2019-08-12,0.9159000000000002,154.18,150.57,3.7642
2019-08-13,0.9996,157.9,149.82,3.8785
2019-08-14,0.9986333333333334,152.95,148.311,3.7299
2019-08-15,0.9976666666666667,151.63,147.394,3.6976
2019-08-16,0.9967,161.54,156.88,3.9658
2019-08-19,0.9952,171.42,163.47,4.2446
2019-08-20,0.96595,170.58,167.02,4.1723
2019-08-21,0.9367,173.45,169.66,4.2558
2019-08-22,0.90745,173.33,169.905,4.262
2019-08-23,0.8782,170.59,161.64,4.0373
2019-08-26,0.9805,166.58,163.91,4.1122
2019-08-27,0.9824857142857143,167.1,160.62,4.0214
2019-08-28,0.9844714285714286,163.34,159.0,4.011
2019-08-29,0.9864571428571428,168.3,164.76,4.1548
2019-08-30,0.9884428571428572,170.86,166.78,4.1675
2019-09-02,0.9904285714285714,168.385,165.01600000000002,4.12595
2019-09-03,0.9924142857142857,165.91,163.252,4.0844
2019-09-04,0.9944,169.06,166.61,4.1986
2019-09-05,1.082055882352941,179.99,172.8,4.4717
2019-09-06,1.169711764705882,181.09,177.12,4.4446
2019-09-09,1.257367647058823,183.98,179.84,4.4907
2019-09-10,1.345023529411765,184.25,178.79,4.5573
2019-09-11,1.432679411764706,186.27,182.601,4.5859
2019-09-12,1.520335294117647,188.4,183.95,4.5845
2019-09-13,1.607991176470588,183.08,180.18,4.5265
2019-09-16,1.695647058823529,181.6,178.5,4.4834
2019-09-17,1.78330294117647,181.236,178.61,4.5048
2019-09-18,1.870958823529412,181.42,176.5,4.4777
2019-09-19,1.958614705882353,180.96,176.51,4.4021
2019-09-20,2.046270588235294,177.85,172.28,4.2964
2019-09-23,2.133926470588235,176.67,172.55,4.3498
2019-09-24,2.221582352941176,177.29,171.1,4.2924
2019-09-25,2.309238235294117,179.02,170.71,4.4342
2019-09-26,2.396894117647059,178.19,175.29,4.412
2019-09-27,2.48455,177.7,169.32,4.2732
2019-09-30,2.572205882352941,174.48,171.54,4.3307
2019-10-01,2.659861764705882,181.0,173.81,4.3289
2019-10-02,2.747517647058824,173.6,170.13,4.3051
2019-10-03,2.835173529411764,181.56,172.0,4.5108
2019-10-04,2.922829411764706,183.15,178.78,4.5272
2019-10-07,3.010485294117647,188.34,184.23,4.5859
2019-10-08,3.098141176470588,180.64,176.5,4.4093
2019-10-09,3.185797058823529,182.7,179.16,4.4959
2019-10-10,3.27345294117647,185.08,180.41,4.5536
2019-10-11,3.361108823529412,189.34,185.65,4.6272
2019-10-14,3.448764705882352,187.37,184.385,4.6407
2019-10-15,3.536420588235294,199.29,189.6,4.8855
2019-10-16,3.624076470588235,199.22,193.75,4.8317
2019-10-17,3.711732352941176,197.814,192.1,4.8337
2019-10-18,3.799388235294117,195.62,187.5,4.7392
2019-10-21,3.887044117647059,196.55,192.2,4.8765
2019-10-22,3.9747,202.53,195.3,4.8666
2019-10-23,3.23,195.66,191.03,4.8536
2019-10-24,2.4853,198.21,195.38,4.8977
2019-10-25,1.7406,205.38,199.79,5.0887
2019-10-28,0.9959,208.9,205.117,5.1447
2019-10-29,0.9969,206.49,202.14,5.0484
2019-10-30,0.8038000000000001,204.23,200.26,5.0504
2019-10-31,0.6107,203.0,197.81,5.0012
2019-11-01,0.4176,203.89,198.593,5.0402
2019-11-04,0.6995,211.0,204.92,5.237
2019-11-05,0.9814,211.54,207.68,5.2149
2019-11-06,1.4773,209.67,204.11,5.1656
2019-11-07,1.9732,211.7,206.54,5.1833
2019-11-08,1.8105,209.05,206.15,5.1694
2019-11-11,1.6478,209.11,204.28,5.1793
2019-11-12,1.4851,211.86,208.31,5.2149
2019-11-13,1.3224,209.46,205.9,5.189
2019-11-14,1.1597,209.88,206.516,5.2194
2019-11-15,0.997,211.78,200.638,5.08
2019-11-18,1.98185,213.35,203.77,5.2813
2019-11-19,2.9667,211.98,205.65,5.1746
2019-11-20,0.8776,214.55,206.564,5.2539
2019-11-21,1.122525,213.24,209.31,5.2291
2019-11-22,1.36745,212.963,209.94,5.2467
2019-11-25,1.612375,221.41,215.52,5.5035
2019-11-26,1.8573,220.69,216.74,5.3987
2019-11-27,2.102225,220.05,217.18,5.4336
2019-11-28,2.34715,219.095,216.48,5.41495
2019-11-29,2.592075,218.14,215.78,5.3963
2019-12-02,2.837,217.0,208.64,5.2098
2019-12-03,3.081925,207.82,200.37,5.1702
2019-12-04,3.32685,211.92,208.27,5.214
2019-12-05,3.571775,210.93,207.508,5.1971
2019-12-06,3.8167,213.49,211.12,5.2825
2019-12-09,4.061624999999999,214.37,210.9,5.2825
2019-12-10,4.30655,216.06,211.26,5.3275
2019-12-11,4.551475,217.56,214.3,5.4112
2019-12-12,4.796399999999999,224.8,215.82,5.5787
2019-12-13,5.041325,228.98,221.82,5.5768
2019-12-16,5.28625,228.064,224.77,5.6056
2019-12-17,5.531174999999999,229.2,225.52,5.6838
2019-12-18,5.7761,231.94,229.35,5.7142
2019-12-19,5.3679,236.0,230.7,5.8623
2019-12-20,4.9597,240.39,237.355,5.9597
2019-12-23,4.5515,241.81,238.39,5.946
2019-12-24,4.1433,239.31,236.82,5.941
2019-12-25,3.7351,239.815,237.41,5.9481
2019-12-26,3.3269,240.32,238.0,5.9552
2019-12-27,2.9187,240.34,235.81,5.8974
2019-12-30,2.5105,236.2,231.06,5.7842
2019-12-31,2.1023,235.675,230.13,5.8583
2020-01-01,1.6941,237.7925,233.425,5.915699999999999
2020-01-02,1.2859,239.91,236.72,5.9731
2020-01-03,0.8777,237.83,234.1,5.8775
2020-01-06,0.9831,237.27,231.27,5.9022
2020-01-07,0.9537421052631578,241.77,236.39,5.9736
2020-01-08,0.9243842105263158,242.04,238.149,5.9848
2020-01-09,0.8950263157894737,245.93,240.855,6.0506
2020-01-10,0.8656684210526315,248.55,243.75,6.0829
2020-01-13,0.8363105263157895,252.988,246.75,6.2736
2020-01-14,0.8069526315789474,251.28,246.75,6.1566
2020-01-15,0.7775947368421052,248.689,244.53,6.114
2020-01-16,0.7482368421052632,249.17,246.775,6.1977
2020-01-17,0.7188789473684211,250.0,247.37,6.2064
2020-01-20,0.6895210526315789,249.645,246.97,6.1897
2020-01-21,0.6601631578947369,249.29,246.57,6.173
2020-01-22,0.6308052631578948,253.59,249.0,6.2256
2020-01-23,0.6014473684210526,253.2,248.15,6.2955
2020-01-24,0.5720894736842106,259.5,248.3,6.2363
2020-01-27,0.5427315789473683,242.25,232.23,5.9803
2020-01-28,0.5133736842105263,249.27,240.714,6.1738
2020-01-29,0.4840157894736842,248.84,243.94,6.1133
2020-01-30,0.4546578947368421,246.35,239.4,6.12
2020-01-31,0.4253,244.45,234.75,5.8865
2020-02-03,0.48248,241.111,235.45,5.9836
2020-02-04,0.53966,247.9,244.02,6.1529
2020-02-05,0.59684,252.4,247.41,6.2433
2020-02-06,0.65402,254.25,248.88,6.33
2020-02-07,0.7112,253.53,250.572,6.2639
2020-02-10,0.76838,263.0,252.3,6.5473
2020-02-11,0.82556,272.5,264.83,6.6698
2020-02-12,0.88274,272.8,268.447,6.7855
2020-02-13,0.93992,273.48,269.11,6.7417
2020-02-14,0.9971,294.97,286.0,7.215
2020-02-17,0.9573,296.14,285.43,7.2994
2020-02-18,0.9175,297.31,284.86,7.3838
2020-02-19,0.8777,315.41,301.486,7.8352
2020-02-20,0.8371857142857143,316.32,296.35,7.6858
2020-02-21,0.7966714285714286,305.2,290.66,7.3216
2020-02-24,0.7561571428571429,281.872,268.0,6.8039
2020-02-25,0.7156428571428571,278.79,257.96,6.5243
2020-02-26,0.6751285714285714,275.45,262.0,6.6638
2020-02-27,0.6346142857142858,267.0,248.89,6.2928
2020-02-28,0.5941000000000001,272.46,241.79,6.728
2020-03-02,0.5535857142857143,277.59,261.0,6.8865
2020-03-03,0.5130714285714286,281.07,262.46,6.6239
2020-03-04,0.4725571428571428,284.89,267.2,7.0878
2020-03-05,0.4320428571428571,283.2,271.5,6.8083
2020-03-06,0.3915285714285714,268.39,258.0,6.6277
2020-03-09,0.3510142857142857,259.4,238.18,6.1145
2020-03-10,0.3105,261.08,245.99,6.5041
2020-03-11,0.3507235294117647,256.6,242.57,6.1401
2020-03-12,0.3909470588235294,236.119,215.8,5.3888
2020-03-13,0.4311705882352941,241.02,219.61,5.9999
2020-03-16,0.4713941176470589,226.1,194.0,4.8928
2020-03-17,0.5116176470588235,220.86,191.0,5.4127
2020-03-18,0.5518411764705882,209.94,180.681,5.0527
2020-03-19,0.5920647058823529,216.73,193.39,5.3056
2020-03-20,0.6322882352941177,230.32,205.13,5.1257
2020-03-23,0.6725117647058824,216.48,198.52,5.2986
2020-03-24,0.712735294117647,252.66,228.05,6.2076
2020-03-25,0.7529588235294118,261.82,243.66,6.1189
2020-03-26,0.7931823529411764,262.22,250.0,6.4084
2020-03-27,0.8334058823529412,263.118,248.68,6.2961
2020-03-30,0.8736294117647059,265.96,253.59,6.6164
2020-03-31,0.9138529411764706,275.4,257.75,6.5669
2020-04-01,0.9540764705882353,261.53,241.28,6.0554
2020-04-02,0.9943,256.0,242.31,6.3643
2020-04-03,0.9906090909090909,255.63,238.39,6.0763
2020-04-06,0.9869181818181818,269.88,252.93,6.6864
2020-04-07,0.9832272727272727,278.25,257.3,6.453
2020-04-08,0.9795363636363636,267.95,260.6,6.6503
2020-04-09,0.9758454545454546,272.92,260.42,6.5507
2020-04-10,0.9721545454545454,271.56,258.71000000000004,6.63665
2020-04-13,0.9684636363636363,270.2,257.0,6.7226
2020-04-14,0.9647727272727272,285.32,273.889,7.0738
2020-04-15,0.9610818181818181,284.167,275.38,6.9964
2020-04-16,0.9573909090909091,299.0,286.55,7.3416
2020-04-17,0.9537,298.86,286.94,7.2823
2020-04-20,0.94008,293.5,285.27,7.1511
2020-04-21,0.9264600000000001,284.77,267.11,6.7141
2020-04-22,0.91284,287.87,275.4,7.1286
2020-04-23,0.89922,293.138,283.0,7.0753
2020-04-24,0.8856,289.67,280.6,7.2143
2020-04-27,0.9924,303.5,294.0,7.4009
2020-04-28,0.8553499999999999,304.2,291.14,7.2584
2020-04-29,0.7182999999999999,300.58,293.75,7.4353
2020-04-30,0.5812499999999999,298.46,291.72,7.2813
2020-05-01,0.4442,288.9,280.843,7.0447
2020-05-04,1.4742,291.84,280.88,7.2566
2020-05-05,2.5042,300.27,291.29,7.3177
2020-05-06,3.5342,302.0,295.41,7.4186
2020-05-07,4.5642,307.41,301.323,7.595
2020-05-08,5.594200000000001,312.75,306.39,7.7851
2020-05-11,6.6242,324.5,311.15,8.0372
2020-05-12,7.6542,326.9,311.71,7.7751
2020-05-13,8.6842,323.14,303.79,7.7527
2020-05-14,9.7142,321.44,307.5,8.0023
2020-05-15,8.261416666666667,340.02,314.96,8.4609
2020-05-18,6.808633333333333,356.66,347.22,8.7195
2020-05-19,5.35585,363.5,350.51,8.7746
2020-05-20,3.903066666666667,361.72,355.55,8.9385
2020-05-21,2.450283333333333,362.096,349.5,8.7444
2020-05-22,0.9975,363.72,348.53,8.9946
2020-05-25,0.7431,365.495,347.705,8.84085
2020-05-26,0.7778499999999999,367.27,346.88,8.6871
2020-05-27,0.8126,345.31,319.87,8.4953
2020-05-28,0.8770333333333333,350.42,335.17,8.4572
2020-05-29,0.9414666666666667,355.02,339.4,8.8443
2020-06-01,1.0059,353.63,347.58,8.7753
2020-06-02,1.070333333333333,353.49,346.32,8.7943
2020-06-03,1.134766666666667,354.65,348.0,8.7387
2020-06-04,1.1992,357.73,347.1,8.7397
2020-06-05,1.263633333333333,359.88,348.319,8.8927
2020-06-08,1.328066666666667,355.585,347.43,8.7781
2020-06-09,1.3925,364.39,350.05,9.0184
2020-06-10,1.456933333333333,380.0,366.14,9.3381
2020-06-11,1.521366666666667,370.45,351.44,8.7694
2020-06-12,1.5858,367.49,348.134,8.9052
2020-06-15,1.650233333333333,367.29,349.75,9.1457
2020-06-16,1.714666666666667,370.67,353.55,9.0408
2020-06-17,1.7791,371.96,362.81,9.2078
2020-06-18,1.843533333333333,371.3,364.58,9.1898
2020-06-19,1.907966666666667,377.8,369.094,9.233
2020-06-22,1.9724,381.25,370.932,9.4976
2020-06-23,1.75605,385.7,376.3,9.4211
2020-06-24,1.5397,382.255,365.78,9.2073
2020-06-25,1.2087,380.2,367.29,9.461
2020-06-26,0.8777,380.0,365.0,9.127
2020-06-29,0.8818545454545454,368.18,356.0,9.1719
2020-06-30,0.886009090909091,381.05,370.66,9.4687
2020-07-01,0.8901636363636364,383.027,376.52,9.5009
2020-07-02,0.8943181818181818,389.5,383.13,9.5829
2020-07-03,0.8984727272727273,392.925,385.815,9.69605
2020-07-06,0.9026272727272727,396.35,388.5,9.8092
2020-07-07,0.9067818181818182,402.8,394.03,9.8416
2020-07-08,0.9109363636363637,409.0,398.62,10.1848
2020-07-09,0.9150909090909091,422.8,409.34,10.4769
2020-07-10,0.9192454545454546,426.21,415.15,10.4472
2020-07-13,0.9234,431.69,401.0,10.0215
2020-07-14,0.92415,416.11,391.42,10.3453
2020-07-15,0.9248999999999999,417.32,402.23,10.196
2020-07-16,0.92565,408.27,395.82,10.1038
2020-07-17,0.9264,409.94,403.51,10.1703
2020-07-20,0.9271499999999999,421.25,406.27,10.4786
2020-07-21,0.9279,422.397,411.47,10.2969
2020-07-22,0.863625,424.1,411.662,10.4069
2020-07-23,0.79935,421.88,401.25,10.0988
2020-07-24,0.7350749999999999,414.59,391.08,10.1633
2020-07-27,0.6708,417.67,408.71,10.3897
2020-07-28,0.606525,415.28,408.37,10.1843
2020-07-29,0.5422499999999999,420.65,413.88,10.4335
2020-07-30,0.4779749999999999,424.922,411.81,10.5816
2020-07-31,0.4137,430.66,417.32,10.5823
2020-08-03,0.5095333333333334,443.95,428.61,10.9766
2020-08-04,0.6053666666666666,449.11,436.24,11.1934
2020-08-05,0.7012,454.867,446.65,11.2523
2020-08-06,0.7970333333333333,454.32,447.15,11.3009
2020-08-07,0.8928666666666667,460.19,441.5,11.1653
2020-08-10,0.9887,456.33,434.26,11.1309
2020-08-11,0.6903,445.47,431.83,10.8168
2020-08-12,0.7524333333333334,458.68,438.33,11.4053
2020-08-13,0.8145666666666667,468.87,454.23,11.408
2020-08-14,0.8767,468.19,457.62,11.5287
2020-08-17,0.9533,496.39,472.688,12.2993
2020-08-18,0.9677333333333333,499.84,483.45,12.2233
2020-08-19,0.9821666666666667,492.6,483.92,12.1014
2020-08-20,0.9966,495.0,475.15,12.1039
2020-08-21,0.98185,512.348,487.806,12.6447
2020-08-24,0.9671000000000001,516.5,500.3,12.6814
2020-08-25,0.95235,510.45,502.95,12.711
2020-08-26,0.9376,514.74,507.11,12.734
2020-08-27,0.9228500000000001,514.0,502.657,12.5897
2020-08-28,0.9081,525.92,505.7,13.1076
2020-08-31,0.8933500000000001,543.0,521.51,13.3336
2020-09-01,0.8786,559.75,537.46,13.7829
2020-09-02,0.9964,589.07,556.0,14.3069
2020-09-03,0.7923333333333333,555.38,515.15,12.9796
2020-09-04,0.5882666666666667,527.0,468.19,12.5877
2020-09-07,0.3842,514.5,468.18,12.23395
2020-09-08,0.1801333333333334,502.0,468.17,11.8802
2020-09-09,-0.02393333333333336,512.37,489.27,12.6799
2020-09-10,-0.228,522.61,486.68,12.2778
2020-09-11,1.37675,506.1,475.83,12.131
2020-09-14,2.9815,532.6,505.246,12.8368
2020-09-15,2.2442,531.95,513.11,12.9552
2020-09-16,1.5069,523.71,500.55,12.48
2020-09-17,0.7696000000000001,503.59,481.39,12.4291
2020-09-18,0.0323,505.3,479.55,12.1556
2020-09-21,0.51325,500.9,476.18,12.4827
2020-09-22,0.9942,505.92,486.222,12.6029
2020-09-23,1.118975,509.08,483.17,12.0903
2020-09-24,1.24375,502.78,480.56,12.314
2020-09-25,1.368525,515.34,489.83,12.8383
2020-09-28,1.4933,522.07,510.0,12.9991
2020-09-29,1.618075,537.71,517.33,13.1893
2020-09-30,1.74285,544.9,526.01,13.4932
2020-10-01,1.867625,550.51,538.43,13.577
2020-10-02,1.9924,540.78,522.04,13.0262
2020-10-05,9.6105,545.77,528.911,13.6049
2020-10-06,8.652688888888889,565.68,546.6,13.6986
2020-10-07,7.694877777777778,564.77,554.54,13.9255
2020-10-08,6.737066666666666,563.38,550.32,13.8006
2020-10-09,5.779255555555555,552.97,546.43,13.7248
2020-10-12,4.821444444444444,573.88,556.5,14.1868
2020-10-13,3.863633333333333,573.94,560.745,14.209
2020-10-14,2.905822222222222,573.71,558.4,14.0564
2020-10-15,1.948011111111111,560.23,550.71,13.9315
2020-10-16,0.9902,564.86,551.7,13.7734
2020-10-19,0.9914999999999999,559.34,536.27,13.4605
2020-10-20,0.9927999999999999,551.99,540.28,13.6079
2020-10-21,0.9941,551.66,539.1,13.4875
2020-10-22,0.9954,544.47,529.27,13.3242
2020-10-23,0.87906,543.73,531.65,13.5528
2020-10-26,0.7627200000000001,547.712,521.54,13.105
2020-10-27,0.6463800000000001,537.68,527.66,13.3598
2020-10-28,0.5300400000000001,530.4,504.36,12.5922
2020-10-29,0.4137,527.71,510.0,12.9881
2020-10-30,0.5971125,517.455,492.0,12.4994
2020-11-02,0.780525,513.466,495.8,12.5461
2020-11-03,0.9639375000000001,524.2,504.11,12.9836
2020-11-04,1.14735,553.1,533.475,13.7562
2020-11-05,1.3307625,573.56,559.64,14.121
2020-11-06,1.514175,583.55,555.8,14.5218
2020-11-09,1.6975875,587.66,544.43,13.5932
2020-11-10,1.881,544.26,505.13,12.7348
2020-11-11,2.1567,537.395,517.93,13.381
2020-11-12,2.4324,550.64,532.64,13.4196
2020-11-13,2.7081,546.75,522.37,13.2603
2020-11-16,2.9838,545.98,526.24,13.478
2020-11-17,2.321833333333333,543.85,532.155,13.3852
2020-11-18,1.659866666666667,544.23,527.4,13.3917
2020-11-19,0.9979,539.5,524.0,13.4032
2020-11-20,0.973875,539.78,522.6,13.0517
2020-11-23,0.9498500000000001,535.3,520.62,13.1038
2020-11-24,0.925825,526.48,515.4,12.922
2020-11-25,0.9018,530.776,520.8,13.1983
2020-11-26,0.9221250000000001,533.538,523.8109999999999,13.2115
2020-11-27,0.94245,536.3,526.822,13.2247
2020-11-30,0.9627749999999999,536.5,518.894,13.3645
2020-12-01,0.9831,541.15,529.13,13.3531
2020-12-02,0.9748615384615384,546.938,529.37,13.5072
2020-12-03,0.9666230769230769,546.4,533.16,13.363
2020-12-04,0.9583846153846154,542.4,535.548,13.5249
2020-12-07,0.9501461538461539,549.25,540.0,13.5732
2020-12-08,0.9419076923076923,543.95,531.26,13.3171
2020-12-09,0.9336692307692307,536.56,514.73,12.8989
2020-12-10,0.9254307692307692,522.75,513.975,12.9403
2020-12-11,0.9171923076923076,520.8,512.92,12.9812
2020-12-14,0.9089538461538461,535.55,523.1,13.276
2020-12-15,0.9007153846153846,538.56,527.47,13.3276
2020-12-16,0.8924769230769231,537.49,528.5,13.2099
2020-12-17,0.8842384615384615,535.18,527.14,13.3084
2020-12-18,0.876,536.2,522.82,13.2393
2020-12-21,0.9994,534.8,518.7,13.2994
2020-12-22,0.9993,533.49,522.155,13.2455
2020-12-23,0.9992,531.0,520.2,12.9772
2020-12-24,0.9991,525.3,517.55,12.9617
2020-12-25,0.999,523.9,514.0385,12.91495
2020-12-28,0.9989,522.5,510.527,12.8682
2020-12-29,0.9988,522.9,513.69,12.9114
2020-12-30,0.9987,528.55,515.87,13.1134
2020-12-31,0.9986,526.045,516.6,13.0228
2021-01-01,0.9975142857142858,536.0725,517.55,13.052
2021-01-04,0.9964285714285714,546.1,518.5,13.0812
2021-01-05,0.9953428571428572,537.74,523.48,13.3717
2021-01-06,0.9942571428571428,529.8,503.44,12.5834
2021-01-07,0.9931714285714286,535.11,515.46,13.3111
2021-01-08,0.9920857142857142,536.84,521.68,13.2441
2021-01-11,0.991,558.44,534.5,13.588
2021-01-12,1.4911,550.18,533.8,13.4515
2021-01-13,1.9912,545.0,535.4,13.4984
2021-01-14,1.49455,543.99,527.22,13.1677
2021-01-15,0.9979,533.01,513.94,12.8278
2021-01-18,0.99682,528.3845,513.85,12.9105
2021-01-19,0.99574,523.759,513.76,12.9932
2021-01-20,0.99466,537.22,522.27,13.3328
2021-01-21,0.99358,559.974,530.12,13.8333
2021-01-22,0.9924999999999999,553.669,545.09,13.6787
2021-01-25,0.99142,553.14,529.459,13.6196
2021-01-26,0.99034,545.79,535.5,13.4022
2021-01-27,0.98926,529.31,511.75,12.8859
2021-01-28,0.98818,533.59,518.42,13.0189
2021-01-29,0.9871,533.39,516.46,12.9578
2021-02-01,0.969275,530.83,516.11,13.2044
2021-02-02,0.9514499999999999,542.88,531.42,13.5234
2021-02-03,0.9336249999999999,557.27,540.66,13.4972
2021-02-04,0.9158,546.94,533.515,13.6306
2021-02-05,1.3733,549.49,541.83,13.5575
2021-02-08,1.8308,578.95,549.089,14.4032
2021-02-09,0.0039,583.33,568.9,14.2281
2021-02-10,0.244525,596.2,573.655,14.7279
2021-02-11,0.48515,610.89,597.0,15.2132
2021-02-12,0.7257750000000001,611.646,591.0,14.9244
2021-02-15,0.9664,613.2729999999999,594.5,15.10845
2021-02-16,0.9619666666666666,614.9,598.0,15.2925
2021-02-17,0.9575333333333333,608.941,591.2,14.8693
2021-02-18,0.9531,594.93,583.0,14.7925
2021-02-19,0.0129,607.08,593.868,14.8897
2021-02-22,0.158325,605.33,573.0,14.3204
2021-02-23,0.30375,569.55,535.58,14.1072
2021-02-24,0.449175,580.27,550.24,14.4633
2021-02-25,0.5946,574.99,528.65,13.2747
2021-02-26,-0.4526,554.18,534.44,13.6807
2021-03-01,-0.45794,557.0,542.13,13.8077
2021-03-02,-0.46328,556.82,535.84,13.3732
2021-03-03,-0.46862,538.06,511.95,12.7732
2021-03-04,-0.47396,519.0,483.35,12.3398
2021-03-05,-0.4793,502.0,467.17,12.4308
2021-03-08,0.9972,498.85,462.66,11.5647
2021-03-09,2.9734,504.67,482.37,12.4937
2021-03-10,0.285,519.2,498.3,12.4418
2021-03-11,0.9823,521.85,509.38,12.966
2021-03-12,0.9846,515.55,503.6,12.8288
2021-03-15,1.5413,528.27,510.685,13.1633
2021-03-16,0.0541,540.5,524.67,13.2631
2021-03-17,0.9727,538.13,519.58,13.313
2021-03-18,0.9965,527.36,508.682,12.6955
2021-03-19,0.9735,516.86,504.5,12.8185
2021-03-22,0.8941,535.78,516.27,13.1583
2021-03-23,4.6907,533.78,520.85,13.0431
2021-03-24,0.0387,526.365,505.47,12.6162
2021-03-25,1.01535,508.59,490.88,12.5087
2021-03-26,1.992,514.25,494.94,12.812
2021-03-29,3.709,522.5,508.0,12.9208
2021-03-30,1.9656,519.01,508.2,12.8445
2021-03-31,0.0207,538.82,519.3,13.32
2021-04-01,0.9641,554.8,540.45,13.7825
2021-04-02,0.04125000000000001,557.6795,544.885,13.8702
2021-04-05,-0.8816,560.559,549.32,13.9579
2021-04-06,0.6149,562.165,550.945,13.8321
2021-04-07,1.80535,569.74,548.46,14.1135
2021-04-08,2.9958,578.86,569.958,14.2867
2021-04-09,2.012,576.32,567.0,14.3695
2021-04-12,9.1295,614.1,565.57,15.1768
2021-04-13,49.7657,628.0,605.03,15.6463
2021-04-14,4.5215,628.818,609.1,15.2446
2021-04-15,2.451,648.566,625.26,16.1031
2021-04-16,1.763,646.63,634.61,15.8788
2021-04-19,7.5198,632.3,609.32,15.3292
2021-04-20,3.7138,619.88,598.52,15.1391
2021-04-21,3.4171,614.5,604.09,15.328
2021-04-22,5.2105,617.543,591.34,14.8188
2021-04-23,4.4928,613.395,596.01,15.2329
2021-04-26,0.9673,619.16,605.0,15.4452
2021-04-27,2.9827,626.82,614.18,15.3492
2021-04-28,3.6407,621.29,608.621,15.2444
2021-04-29,6.6598,617.46,602.86,15.2923
2021-04-30,3.9022,614.6,599.88,14.9777
2021-05-03,1.4593,609.87,591.5,14.8053
2021-05-04,1.7933,585.5,560.41,14.3208
2021-05-05,1.6863,592.54,575.5,14.4279
2021-05-06,1.8318,582.85,568.724,14.4922
2021-05-07,0.9845,598.83,586.868,14.7809
2021-05-10,2.9963,592.24,570.0,14.2355
2021-05-11,3.9542,574.19,550.0,14.2759
2021-05-12,2.0978,570.41,548.37,13.7294
2021-05-13,0.9701,563.23,538.36,13.6363
2021-05-14,1.9928,573.124,549.94,14.2128
2021-05-17,0.9674,566.77,554.14,14.1355
2021-05-18,4.5905,576.17,560.16,13.9861
2021-05-19,1.9976,563.18,541.73,14.036
2021-05-20,1.9717,587.351,570.82,14.5815
2021-05-21,12.6151,608.88,594.776,14.96
2021-05-24,14.0468,629.8,607.04,15.5789
2021-05-25,3.5395,632.74,619.3,15.6146
2021-05-26,2.8171,631.75,623.45,15.6667
2021-05-27,16.7276,630.0,618.4,15.4552
2021-05-28,6.67,651.099,620.04,16.2101
2021-05-31,3.7307,653.312,628.085,16.22005
2021-06-01,11.0424,655.525,636.13,16.23
2021-06-02,5.091,676.755,649.42,16.7427
2021-06-03,2.3766,690.36,663.32,16.9338
2021-06-04,4.1365,706.44,683.82,17.541
2021-06-07,2.5244,712.5,687.71,17.5817
2021-06-08,2.1609,704.864,690.04,17.42
2021-06-09,1.9051,703.0,690.23,17.3254
2021-06-10,0.9985,699.68,687.04,17.3921
2021-06-11,2.9978,717.569,697.75,17.7916
2021-06-14,8.915,721.58,706.51,17.9847
2021-06-15,5.343,720.65,709.118,17.7549
2021-06-16,4.2911,718.187,703.377,17.7766
2021-06-17,5.6234,753.4,710.25,18.622
2021-06-18,11.2522,775.0,743.36,18.6035
2021-06-21,7.8573,741.46,712.906,18.3924
2021-06-22,8.180299999999999,758.55,735.435,18.8511
2021-06-23,4.2044,766.11,756.31,19.0212
2021-06-24,8.9502,776.8,763.53,19.1692
2021-06-25,3.5733,773.82,755.775,18.995
2021-06-28,12.6417,803.15,772.76,19.9472
2021-06-29,4.7066,803.95,786.275,19.9889
2021-06-30,5.3287,806.5,794.55,19.9647
2021-07-01,11.7117,818.24,800.76,20.1738
2021-07-02,2.706,820.21,811.51,20.4483
2021-07-05,3.0658,826.9449999999999,812.76,20.55385
2021-07-06,3.2306,833.68,814.01,20.6594
2021-07-07,10.0107,835.0,813.282,20.3333
2021-07-08,1.3617,805.32,788.03,19.8651
2021-07-09,0.7693,803.205,790.17,20.0124
2021-07-12,3.2747,821.31,807.51,20.4737
2021-07-13,3.1621,818.45,804.56,20.2117
2021-07-14,3.0495,816.71,790.11,19.804
2021-07-15,2.7865,793.88,754.34,18.9304
2021-07-16,-1.0839,766.284,722.92,18.1267
2021-07-19,1.85,761.68,714.62,18.7443
2021-07-20,5.7865,188.38,181.64,18.5768
2021-07-21,1.852,195.27,187.42,19.3733
2021-07-22,1.6414,198.87,192.76,19.557
2021-07-23,0.8728,197.0,192.5,19.521
2021-07-26,2.8629,194.42,189.14,19.2575
2021-07-27,0.9975,196.22,187.41,19.1717
2021-07-28,-0.7736000000000001,196.46,189.95,19.4661
2021-07-29,2.307,198.53,193.2803,19.6248
2021-07-30,2.14415,196.3,192.63,19.4622
2021-08-02,1.9813,199.61,193.61,19.7127
2021-08-03,5.6551,202.22,192.2,19.7776
2021-08-04,1.7005,203.18,198.28,20.2357
2021-08-05,3.0828,207.33,203.42,20.598
2021-08-06,1.2818,205.7,202.1,20.3275
2021-08-09,5.3649,205.0799,201.43,20.2566
2021-08-10,3.9956,204.3,198.3454,19.8983
2021-08-11,2.4958,200.49,194.3,19.6618
2021-08-12,0.996,200.2899,196.2,19.8674
2021-08-13,2.1001,202.1381,198.51,20.1498
2021-08-16,3.1809,202.87,194.53,19.9123
2021-08-17,3.4055,197.7,192.67,19.4212
2021-08-18,0.9076,196.3365,190.0,19.004
2021-08-19,18.162,204.95,187.62,19.7606
2021-08-20,14.3237,208.6506,199.33,20.7767
2021-08-23,3.5866,219.97,209.5,21.9165
2021-08-24,8.0613,219.59,215.35,21.7518
2021-08-25,6.9105,224.7,217.22,22.171
2021-08-26,2.6753,223.4,217.9,22.0263
2021-08-27,4.1542,227.22,221.67,22.5932
2021-08-30,2.3327,230.43,225.51,22.6451
2021-08-31,0.0168,226.95,221.2,22.3466
2021-09-01,1.7799,226.97,223.565,22.4025
2021-09-02,1.36525,225.9299,222.945,22.3576
2021-09-03,0.9506,229.86,222.0,22.8039
2021-09-06,1.9436,229.425,223.612,22.71355
2021-09-07,0.4737,228.99,225.224,22.6232
2021-09-08,1.1765,226.1,219.77,22.3007
2021-09-09,1.8793,225.38,221.31,22.139
2021-09-10,0.5625,226.26,222.7,22.4395
2021-09-13,1.046,229.64,218.58,22.114
2021-09-14,0.3601,224.1,220.86,22.2039
2021-09-15,0.9622,223.6699,219.66,22.3027
2021-09-16,1.8569,222.77,219.27,22.2039
2021-09-17,2.7516,223.21,218.3,21.8625
2021-09-20,-0.1344,214.33,206.62,21.0768
2021-09-21,3.906,214.25,209.5,21.2096
2021-09-22,2.0869,219.6,211.96,21.9034
2021-09-23,1.3976,225.345,218.9,22.4435
2021-09-24,1.8691,221.49,218.61,22.0432
2021-09-27,4.0734,217.99,213.25,21.6229
2021-09-28,0.9764,214.19,206.51,20.6635
2021-09-29,1.4324,210.17,204.67,20.4818
2021-09-30,4.2322,210.66,206.88,20.6805
2021-10-01,0.8069,208.59,202.03,20.7065
2021-10-04,2.5892,205.4179,195.55,19.6982
2021-10-05,4.1547,206.48,198.54,20.416
2021-10-06,5.4618,207.2,200.8,20.6645
2021-10-07,1.9404,213.22,209.72,21.0389
2021-10-08,1.54025,212.06,207.75,20.7953
2021-10-11,1.1401,210.63,205.11,20.6595
2021-10-12,-1.966,210.57,205.28,20.6356
2021-10-13,3.7441,209.9,207.13,20.9031
2021-10-14,3.1475,217.55,211.2201,21.7087
2021-10-15,2.7762,219.31,216.62,21.8245
2021-10-18,1.786,222.91,216.44,22.1839
2021-10-19,3.0811,223.79,220.37,22.2518
2021-10-20,3.1718,224.33,219.82,22.0651
2021-10-21,3.2625,227.11,220.83,22.6531
2021-10-22,0.7125,231.3,225.61,22.6871
2021-10-25,-0.1581,233.5499,227.7,23.1263
2021-10-26,2.4004,252.59,239.24,24.6746
2021-10-27,1.6001,250.9,242.8201,24.4091
2021-10-28,0.3747,249.5,245.23,24.8983
2021-10-29,1.3542,257.09,250.0,25.5232
2021-11-01,2.9738,258.94,252.27,25.7827
2021-11-02,3.9747,266.78,258.0,26.3558
2021-11-03,5.5049,267.84,262.35,26.5524
2021-11-04,4.6841,313.65,271.18,29.7499
2021-11-05,8.8308,314.0,294.1,29.701
2021-11-08,4.0145,311.0,299.07,30.7512
2021-11-09,28.4596,323.1,299.64,30.6045
2021-11-10,7.3372,308.5,287.78,29.4085
2021-11-11,7.113799999999999,305.9,297.7701,30.3379
2021-11-12,5.6777,306.8,296.3,30.3379
2021-11-15,15.6997,306.44,292.47,29.9735
2021-11-16,8.0822,303.9,297.0587,30.1512
2021-11-17,5.5241,305.09,288.0,29.2109
2021-11-18,30.099,327.6001,313.21,31.6207
2021-11-19,8.4147,330.88,319.05,32.9285
2021-11-22,6.2075,346.47,319.0,31.9012
2021-11-23,3.9942,323.6,308.8,31.6916
2021-11-24,2.4236,328.55,309.28,32.618
2021-11-25,2.2507,327.82500000000005,311.39,32.033500000000004
2021-11-26,1.7501,327.1,313.5,31.449
2021-11-29,1.9831,334.12,320.36,33.3188
2021-11-30,2.3938,333.53,318.6401,32.62
2021-12-01,1.643,332.8934,313.8,31.385
2021-12-02,2.73195,324.7799,310.25,32.0749
2021-12-03,3.8209,321.29,301.3,30.6441
2021-12-06,6.965199999999999,302.41,280.38,29.9892
2021-12-07,6.7671,324.49,306.51,32.3754
2021-12-08,2.5204,322.9001,314.2101,31.7753
2021-12-09,2.6108,322.05,304.28,30.4415
2021-12-10,3.8858,313.05,298.61,30.1499
2021-12-13,2.7004,302.94,281.16,28.1162
2021-12-14,0.8252999999999999,286.78,272.5,28.2919
2021-12-15,6.1166,305.0,278.38,30.4105
2021-12-16,3.575,311.6,280.93,28.3418
2021-12-17,2.1315,289.22,277.6,27.7568
2021-12-20,1.758,281.44,271.45,27.6749
2021-12-21,1.6115,291.2,274.01,29.0287
2021-12-22,0.3336,295.55,284.49,29.3532
2021-12-23,1.06535,300.59,294.3101,29.5928
2021-12-24,1.7971,305.7275,295.35505,30.24425
2021-12-27,3.2006,310.865,296.4,30.8957
2021-12-28,4.6041,313.3,300.1181,30.2737
2021-12-29,1.7709,305.48,293.66,29.9533
2021-12-30,2.3087,304.57,295.4,29.5389
2021-12-31,1.965,300.3,293.3057,29.3642
2022-01-03,3.56115,307.11,297.85,30.0731
2022-01-04,5.1573,304.68,283.49,29.2434
2022-01-05,7.646,294.16,275.33,27.5601
2022-01-06,1.5117,284.3799,270.65,28.1332
2022-01-07,5.1058,284.22,270.57,27.2036
2022-01-10,4.2424,274.69,256.4384,27.3564
2022-01-11,3.9359,280.65,268.39,27.7727
2022-01-12,2.9984,285.95,276.08,27.9544
2022-01-13,4.9892,284.8,264.98,26.5327
2022-01-14,1.1729,271.969,262.1001,26.8991
2022-01-17,1.5536,269.1745,259.90005,26.38045
2022-01-18,4.7161,266.38,257.7,25.8618
2022-01-19,3.9647,265.4317,250.52,25.0271
2022-01-20,2.1992,255.7904,240.78,24.1116
2022-01-21,1.8668,248.23,232.63,23.3368
2022-01-24,1.7447,233.8,208.88,23.3348
2022-01-25,4.5011,229.43,220.0,22.2885
2022-01-26,3.3968,240.57,223.0,22.7358
2022-01-27,3.046,239.95,216.75,21.9091
2022-01-28,5.0482,228.58,212.96,22.8036
2022-01-31,3.4141,245.09,230.52,24.447
2022-02-01,2.7992,251.45,238.9001,24.5988
2022-02-02,6.4842,258.17,245.5301,25.2018
2022-02-03,5.6713,250.77,237.8,23.9099
2022-02-04,2.712,246.35,236.32,24.2803
2022-02-07,4.132,251.82,242.02,24.6886
2022-02-08,9.1337,252.3,239.8,25.068
2022-02-09,1.5815,267.25,253.53,26.6625
2022-02-10,2.3028,269.2499,256.0,25.7829
2022-02-11,3.0072,261.52,237.73,23.9109
2022-02-14,5.6976,248.75,237.55,24.2284
2022-02-15,7.0764,265.45,247.84,26.4528
2022-02-16,11.6424,265.82,255.52,26.4688
2022-02-17,14.8512,257.85,241.65,24.468
2022-02-18,6.3917,249.86,231.0,23.6044
2022-02-21,1.7601,245.24995,230.5,23.4786
2022-02-22,1.2401,240.6399,230.0,23.3528
2022-02-23,5.7749,241.5499,223.01,22.3514
2022-02-24,2.7249,238.0,208.9,23.7102
2022-02-25,4.2338,242.17,233.81,24.1186
2022-02-28,2.0673,246.65,237.0701,24.3462
2022-03-01,-0.8874,243.77,231.32,23.4396
2022-03-02,-0.2520000000000001,244.09,234.15,24.1856
2022-03-03,0.5371,243.2599,234.69,23.6803
2022-03-04,1.4307,236.8,224.82,22.9034
2022-03-07,1.7558,230.33,213.3,21.3216
2022-03-08,3.2097,223.7299,206.5,21.4834
2022-03-09,3.6269,232.2,222.47,22.9813
2022-03-10,3.9357,227.88,218.82,22.6258
2022-03-11,1.9983,231.45,220.46,22.0686
2022-03-14,1.3091,222.62,211.5901,21.2997
2022-03-15,0.6283,230.38,213.2201,22.9403
2022-03-16,0.3536999999999999,245.97,231.72,24.4612
2022-03-17,2.3599,248.42,239.06,24.7308
2022-03-18,5.8111,265.6899,246.24,26.4154
2022-03-21,5.909299999999999,271.5199,259.67,26.696
2022-03-22,20.1608,272.38,260.72,26.4863
2022-03-23,18.6515,266.115,255.7501,25.5976
2022-03-24,6.3814,283.1999,259.07,28.11
2022-03-25,7.0462,283.58,272.71,27.6526
2022-03-28,3.0918,282.5,272.06,28.1789
2022-03-29,3.4938,289.46,279.8,28.6153
2022-03-30,3.859,284.955,275.03,27.6506
2022-03-31,1.8273,282.48,272.7,27.2472
2022-04-01,2.038,274.96,262.67,26.674
2022-04-04,3.0399,275.58,266.13,27.3211
2022-04-05,1.4041,273.19,258.2,25.8941
2022-04-06,1.0495,253.0,240.03,24.3723
2022-04-07,0.5387,247.22,234.78,24.1736
2022-04-08,5.8136,239.23,230.6201,23.0861
2022-04-11,3.7765,223.1994,216.6,21.8858
2022-04-12,2.4444,227.25,212.8204,21.4734
2022-04-13,0.4536,225.0,214.55,22.1714
2022-04-14,6.6121,227.77,211.63,21.2278
2022-04-15,-0.2128,224.325,211.21,21.4899
2022-04-18,2.3319,220.88,210.79,21.752
2022-04-19,4.2296,223.73,213.14,22.1664
2022-04-20,2.428,226.7037,212.0,21.4515
2022-04-21,0.009,223.92,200.0,20.1543
2022-04-22,0.7287999999999999,204.86,195.0,19.4873
2022-04-25,0.1655,199.45,190.96,19.8737
2022-04-26,1.6445,197.88,186.7,18.7613
2022-04-27,-0.6183999999999998,191.67,182.9,18.3888
2022-04-28,-0.8504,200.37,184.8957,19.7539
2022-04-29,2.0875,201.2848,185.17,18.5206
2022-05-02,0.5977,195.74,183.91,19.5052
2022-05-03,2.1015,198.25,191.33,19.5741
2022-05-04,0.6697000000000001,204.0,187.51,20.3051
2022-05-05,4.5581,199.25,185.0,18.8172
2022-05-06,4.7795,195.12,179.9,18.6485
2022-05-09,2.5838,182.55,168.27,16.9259
2022-05-10,-0.05759999999999987,181.98,170.25,17.57
2022-05-11,2.5354,177.53,165.68,16.6064
2022-05-12,3.01435,167.88,155.67,16.152
2022-05-13,3.4933,179.2843,165.925,17.6808
2022-05-16,1.6097,177.88,171.06,17.2395
2022-05-17,1.721,183.71,176.34,18.1512
2022-05-18,1.8788,181.18,168.64,16.9139
2022-05-19,2.0681,176.87,167.3405,17.0997
2022-05-20,5.6208,174.1,157.55,16.6703
2022-05-23,2.0656,169.15,161.7901,16.874
2022-05-24,5.3038,165.97,157.8,16.131
2022-05-25,0.9153,171.1099,160.0,16.9509
2022-05-26,13.3399,180.92,160.22,17.8256
2022-05-27,3.7043,188.81,181.0,18.7843
2022-05-30,5.327999999999999,190.405,182.25,18.7149
2022-05-31,3.2953,192.0,183.5,18.6455
2022-06-01,2.5177,190.5318,181.22,18.294
2022-06-02,3.4276,196.19,181.98,19.5642
2022-06-03,4.0802,193.323,185.2156,18.6934
2022-06-06,1.3591,193.37,185.642,18.7593
2022-06-07,0.2408,190.0,181.88,18.8991
2022-06-08,2.7469,191.8,185.35,18.6254
2022-06-09,1.4888,189.33,180.41,18.0262
2022-06-10,2.0199,176.97,168.69,16.9535
2022-06-13,0.1368,163.12,156.06,15.6281
2022-06-14,1.2814,160.66,154.12,15.8168
2022-06-15,0.8846,168.68,159.26,16.507
2022-06-16,1.5728,159.4232,154.01,15.5821
2022-06-17,0.4569,159.95,153.28,15.8608
2022-06-20,-0.3643,165.015,158.675,16.20335
2022-06-21,2.9841,170.08,164.07,16.5459
2022-06-22,0.1406000000000001,166.62,161.8,16.3402
2022-06-23,0.7639,165.85,158.53,16.2054
2022-06-24,2.8948,171.4,163.1,17.1053
2022-06-27,2.3993,173.3,166.255,16.8486
2022-06-28,-0.766,172.0199,159.45,15.9627
2022-06-29,1.4461,158.2,151.7,15.5232
2022-06-30,-0.2621,155.67,148.62,15.1407
2022-07-01,1.9684,150.6291,143.92,14.5054
2022-07-04,-0.1432,150.16955000000002,142.235,14.72565
2022-07-05,1.7637,149.71,140.55,14.9459
2022-07-06,-1.5545,153.1899,147.89,15.1117
2022-07-07,0.9667,159.45,153.89,15.8388
2022-07-08,3.7125,160.3699,153.89,15.8188
2022-07-11,0.2965999999999999,155.2699,150.3801,15.1337
2022-07-12,2.3001,154.31,148.77,15.0637
2022-07-13,3.4791,153.75,144.65,15.1456
2022-07-14,-0.6331,154.7299,147.28,15.3534
2022-07-15,1.4171,157.82,154.45,15.7429
2022-07-18,2.1978,168.97,160.02,16.0815
2022-07-19,0.4827,171.1,161.7201,16.9714
2022-07-20,2.9657,179.325,168.01,17.7854
2022-07-21,0.2928,181.44,175.4456,18.0282
2022-07-22,0.9629,179.67,171.365,17.298
2022-07-25,0.3043,171.24,166.49,17.0034
2022-07-26,0.9961,169.19,164.78,16.513
2022-07-27,-0.2396,179.36,169.1301,17.7685
2022-07-28,3.3073,181.4,174.4,17.9622
2022-07-29,1.6427,182.44,176.92,18.141
2022-08-01,0.7587,188.46,179.9,18.4187
2022-08-02,2.0074,189.3753,180.92,18.5036
2022-08-03,0.981,189.68,181.37,18.8701
2022-08-04,0.7679,192.74,187.6,19.1917
2022-08-05,1.0197,192.2892,186.66,18.966
2022-08-08,1.2715,182.39,172.42,17.7715
2022-08-09,-1.9526,174.4719,167.24,17.0653
2022-08-10,5.2657,181.18,173.1701,18.0751
2022-08-11,1.8872,187.07,178.76,17.9203
2022-08-12,1.4807,187.18,179.53,18.6864
2022-08-15,3.0935,191.64,186.13,19.009
2022-08-16,-0.561,191.42,185.01,18.8561
2022-08-17,3.2581,186.88,181.45,18.3128
2022-08-18,-0.3958,188.6499,181.83,18.7503
2022-08-19,0.9443,185.2,177.7,17.8274
2022-08-22,0.009900000000000072,175.58,169.66,17.0134
2022-08-23,1.2633,174.65,169.7,17.1602
2022-08-24,-0.3865,174.06,168.95,17.2012
2022-08-25,5.5667,179.47,168.33,17.8913
2022-08-26,3.5177,179.24,162.37,16.2403
2022-08-29,1.542,163.38,157.67,15.7819
2022-08-30,2.8723,160.39,151.82,15.4493
2022-08-31,-1.3436,155.4,149.5851,15.0757
2022-09-01,-4.0792,143.8,132.7021,13.9201
2022-09-02,-0.2295000000000001,141.71,135.91,13.6305
2022-09-05,1.1501,139.75,134.70999999999998,13.5396
2022-09-06,-0.324,137.79,133.51,13.4487
2022-09-07,-1.0875,138.38,133.46,13.7015
2022-09-08,1.7614,140.08,133.69,13.9772
2022-09-09,1.83,144.74,141.26,14.3739
2022-09-12,1.3553,145.47,141.98,14.4917
2022-09-13,-0.6299,139.22,130.99,13.119
2022-09-14,-0.8345,132.8999,129.13,13.116
2022-09-15,0.7966000000000001,132.3299,127.9,12.9172
2022-09-16,1.0811,132.12,126.17,13.1859
2022-09-19,2.4507,134.63,130.1,13.3698
2022-09-20,15.0346,134.8276,130.57,13.164
2022-09-21,14.683,140.31,131.1,13.2489
2022-09-22,3.0916,131.4897,124.28,12.5495
2022-09-23,3.2551,126.11,122.57,12.5046
2022-09-26,1.1176,126.59,122.14,12.2168
2022-09-27,3.2907,127.36,122.58,12.4017
2022-09-28,0.1219999999999999,128.23,123.5386,12.7244
2022-09-29,-0.006100000000000105,125.0,119.4601,12.2088
2022-09-30,-0.4288,126.33,120.75,12.1279
2022-10-03,2.2097,126.78,121.05,12.5006
2022-10-04,4.9826,132.2,128.79,13.155
2022-10-05,1.9588,133.21,126.21,13.1969
2022-10-06,1.3224,136.56,131.03,13.118
2022-10-07,1.6481,126.7,120.22,12.065
2022-10-10,1.3139,121.2432,114.0812,11.6593
2022-10-11,1.2986,118.46,112.83,11.5754
2022-10-12,0.6998000000000001,117.35,113.45,11.4895
2022-10-13,3.2926,120.7799,108.13,11.9491
2022-10-14,-0.8908,121.11,112.04,11.2167
2022-10-17,3.8822,119.48,115.17,11.8771
2022-10-18,3.6336,124.92,116.18,11.9561
2022-10-19,3.7459,123.5,118.34,12.04
2022-10-20,0.1949,127.69,121.05,12.1829
2022-10-21,0.5709000000000001,124.98,118.87,12.4546
2022-10-24,1.7877,127.1,120.64,12.5875
2022-10-25,1.7323,133.0,126.64,13.2489
2022-10-26,0.4497,133.88,127.08,12.8842
2022-10-27,3.3129,138.38,131.22,13.164
2022-10-28,3.0509,138.5,130.61,13.8214
2022-10-31,1.7472,138.38,132.97,13.4847
2022-11-01,0.03209999999999996,139.25,135.19,13.5306
2022-11-02,2.794,142.1,132.1124,13.2069
2022-11-03,2.2003,137.81,129.56,13.4087
2022-11-04,0.0181,142.29,136.97,14.1431
2022-11-07,1.1016,144.12,139.54,14.2879
2022-11-08,5.0121,148.9101,142.16,14.5887
2022-11-09,2.7006,142.11,137.5901,13.7634
2022-11-10,1.1636,157.73,145.47,15.7356
2022-11-11,3.7258,163.89,154.82,16.3121
2022-11-14,7.2104,165.4,159.22,16.2801
2022-11-15,5.4807,169.98,163.82,16.6508
2022-11-16,4.8619,163.62,158.73,15.8955
2022-11-17,11.405,162.66,155.35,15.6627
2022-11-18,2.9448,160.02,151.2001,15.3949
2022-11-21,4.1727,154.77,150.8,15.303
2022-11-22,0.9972,160.5757,151.216,16.0233
2022-11-23,0.3033000000000001,165.27,160.4801,16.5039
2022-11-24,0.8424,165.07,161.10005,16.3795
2022-11-25,1.2902,164.87,161.72,16.2551
2022-11-28,0.7755000000000001,163.57,157.25,15.8125
2022-11-29,1.9693,159.32,155.2,15.6247
2022-11-30,0.8345,169.3,155.97,16.9119
2022-12-01,-0.1793,172.65,166.35,17.1237
2022-12-02,1.8946,169.3257,164.45,16.8649
2022-12-05,3.2353,169.95,164.7201,16.5991
2022-12-06,0.9876,165.73,158.19,15.9765
2022-12-07,1.915,161.86,156.67,16.1094
2022-12-08,-0.162,171.79,159.59,17.1577
2022-12-09,0.0625,175.83,169.75,16.9898
2022-12-12,2.4572,175.38,167.97,17.5235
2022-12-13,0.9934000000000001,187.9,177.11,18.0601
2022-12-14,2.7968,182.52,174.2,17.6624
2022-12-15,2.3776,173.2,167.0,16.9408
2022-12-16,-0.8126,170.41,164.1,16.5601
2022-12-19,2.3635,166.09,161.45,16.2433
2022-12-20,1.264,163.1,158.52,16.0744
2022-12-21,0.4313,166.27,161.02,16.4901
2022-12-22,2.4781,161.38,148.82,15.3289
2022-12-23,-0.8392,153.39,148.83,15.196
2022-12-26,2.5642,152.195,144.695,14.65385
2022-12-27,0.1675,151.0,140.56,14.1117
2022-12-28,2.3618,142.62,138.84,14.0268
2022-12-29,-0.6405,146.83,142.27,14.5934
2022-12-30,0.792,146.2899,142.33,14.6044
2023-01-02,3.8581,148.12495,141.645,14.455
2023-01-03,9.51985,149.96,140.96,14.3056
2023-01-04,15.1816,148.53,142.41,14.7393
2023-01-05,3.2515,145.64,141.4795,14.2556
2023-01-06,0.6829,150.1,140.34,14.8492
2023-01-09,1.2741,160.56,151.41,15.6177
2023-01-10,-0.7274,159.6199,154.72,15.8985
2023-01-11,1.17,160.28,155.63,15.9905
2023-01-12,0.8308,166.37,154.92,16.5001
2023-01-13,1.6426,169.22,161.65,16.8879
2023-01-16,0.8787,173.25,165.32,17.28915
2023-01-17,1.846,177.28,168.99,17.6904
2023-01-18,0.7333,178.73,172.82,17.3656
2023-01-19,1.9715,171.97,167.31,16.754
2023-01-20,0.9955,178.56,168.25,17.8273
2023-01-23,4.0481,192.45,178.175,19.1804
2023-01-24,3.5576,194.95,188.2,19.2523
2023-01-25,1.4098,193.7,185.8,19.3103
2023-01-26,0.6372,201.66,192.78,19.789
2023-01-27,-1.1895,206.28,194.05,20.3516
2023-01-30,1.9912,201.4,191.5,19.1494
2023-01-31,0.06280000000000008,196.87,189.5,19.5241
2023-02-01,1.9479,211.92,196.11,20.9292
2023-02-02,1.8849,219.49,207.0,21.6947
2023-02-03,0.0516,217.4499,207.89,21.0861
2023-02-06,0.5493999999999999,215.7,207.86,21.0751
2023-02-07,1.1982,222.59,211.5,22.1584
2023-02-08,1.50275,228.78,220.0801,22.1904
2023-02-09,1.8073,230.2,221.2,22.3223
2023-02-10,0.3503999999999999,220.7764,208.11,21.251
2023-02-13,0.6278999999999999,220.48,209.62,21.7737
2023-02-14,2.0663,230.488,213.66,22.9559
2023-02-15,1.2079,228.55,221.06,22.749
2023-02-16,1.8963,225.5,219.268,21.9875
2023-02-17,3.6395,217.4,209.75,21.3739
2023-02-20,3.984,216.169,207.965,21.00765
2023-02-21,2.4175,214.938,206.18,20.6414
2023-02-22,10.0432,211.04,204.21,20.7403
2023-02-23,33.0887,238.88,230.25,23.6484
2023-02-24,4.2688,234.74,229.47,23.2707
2023-02-27,9.891300000000001,238.7994,234.54,23.4855
2023-02-28,0.5655000000000001,238.25,232.06,23.2007
2023-03-01,4.0639,232.5557,225.08,22.6831
2023-03-02,2.0447,233.804,224.32,23.2987
2023-03-03,1.7828,239.0,231.3,23.8743
2023-03-06,0.6886999999999999,242.48,234.87,23.5385
2023-03-07,2.9653,241.25,232.41,23.2766
2023-03-08,0.7832,242.0,234.235,24.1692
2023-03-09,2.6386,244.54,233.8284,23.4246
2023-03-10,4.4405,236.27,227.26,22.9538
2023-03-13,6.3505,232.98,222.97,22.9548
2023-03-14,0.2881,242.19,234.6,24.0513
2023-03-15,1.9223,242.86,233.6,24.2162
2023-03-16,2.3655,255.88,238.94,25.5285
2023-03-17,3.3992,263.99,256.68,25.7124
2023-03-20,1.8974,260.24,251.2983,25.8874
2023-03-21,20.6073,263.92,253.81,26.1862
2023-03-22,19.6877,275.89,262.37,26.4551
2023-03-23,5.9285,274.99,266.9,27.1777
2023-03-24,3.2705,271.67,263.55,26.7659
2023-03-27,4.140499999999999,270.0,263.65,26.518
2023-03-28,3.7862,265.13,258.5,26.3971
2023-03-29,3.4642,270.78,265.97,26.9708
2023-03-30,6.3316,274.99,271.02,27.3696
2023-03-31,1.4036,278.3431,271.05,27.7634
2023-04-03,4.1726,280.0,273.36,27.9513
2023-04-04,3.5162,280.0,273.07,27.4396
2023-04-05,3.6543,269.98,263.95,26.8679
2023-04-06,2.8841,270.8,264.27,27.0238
2023-04-07,1.5935,273.50495,265.48,27.29465
2023-04-10,3.96,276.2099,266.69,27.5655
2023-04-11,0.9317,277.9,271.26,27.1557
2023-04-12,5.0629,274.6799,264.475,26.4821
2023-04-13,3.6531,268.869,263.29,26.4501
2023-04-14,5.7268,268.83,262.2,26.7449
2023-04-17,0.7675,270.06,264.3318,26.9888
2023-04-18,6.0459,281.1,273.57,27.6535
2023-04-19,6.3993,280.0,272.32,27.9174
2023-04-20,0.00649999999999995,280.3,270.0,27.0908
2023-04-21,2.4804,271.83,267.22,27.1058
2023-04-24,3.0443,273.6599,266.7101,27.0288
2023-04-25,2.8833,272.47,262.25,26.2282
2023-04-26,3.3374,273.3,267.051,26.9428
2023-04-27,1.4848,274.95,266.2501,27.2127
2023-04-28,0.9292,277.58,270.7148,27.7355
2023-05-01,4.7077,290.5844,277.8,28.8959
2023-05-02,5.1443,288.3599,280.83,28.1962
2023-05-03,1.1793,283.67,274.72,27.7884
2023-05-04,3.7028,278.59,272.4,27.5485
2023-05-05,0.7571,287.55,277.31,28.666
2023-05-08,4.5252,292.2,283.5,29.1368
2023-05-09,0.6983999999999999,289.73,284.5,28.5571
2023-05-10,4.2478,291.13,284.6128,28.8709
2023-05-11,2.1478,289.5,282.46,28.564
2023-05-12,4.0639,287.8,280.46,28.3262
2023-05-15,2.7483,289.69,281.52,28.9389
2023-05-16,2.047,298.7,288.32,29.1987
2023-05-17,0.9915,301.99,294.3001,30.1633
2023-05-18,8.9224,318.28,303.2,31.6625
2023-05-19,8.0598,315.8,309.16,31.2487
2023-05-22,12.4016,315.2,306.8,31.1608
2023-05-23,2.9539,312.88,306.31,30.673
2023-05-24,2.6108,306.07,298.06,30.5231
2023-05-25,7.1812,394.8,366.3501,37.9615
2023-05-26,3.2234,391.7,375.5,38.927
2023-05-29,10.8676,405.54,387.495,39.5092
2023-05-30,3.1712,419.38,399.49,40.0914
2023-05-31,5.1951,402.95,378.22,37.8155
2023-06-01,22.0892,400.5,383.4,39.7506
2023-06-02,19.7806,405.0,390.5801,39.3078
2023-06-05,5.4869,395.6503,387.07,39.1519
2023-06-06,1.6275,391.6,381.4801,38.6351
2023-06-07,3.328,394.99,373.56,37.4606
2023-06-08,5.8662,388.64,375.05,38.4952
2023-06-09,12.586,397.11,385.67,38.7551
2023-06-12,8.503499999999999,395.3,386.18,39.4668
2023-06-13,6.9674,411.01,397.4,41.0062
2023-06-14,12.4675,430.0,405.52,42.9805
2023-06-15,7.0295,432.89,421.47,42.6366
2023-06-16,4.6716,437.2101,426.605,42.6756
2023-06-19,4.9603,438.55505,426.6725,43.23335
2023-06-20,6.9169,439.9,426.74,43.7911
2023-06-21,0.2304,436.15,420.8,43.0284
2023-06-22,9.7688,434.255,422.3401,43.0084
2023-06-23,5.7842,428.09,420.15,42.1928
2023-06-26,6.3985,427.64,401.0,40.6164
2023-06-27,12.9025,419.4,404.48,41.8599
2023-06-28,8.5559,418.45,405.18,41.1012
2023-06-29,7.6105,416.0,406.0,40.8063
2023-06-30,4.9233,425.5,415.01,42.2857
2023-07-03,12.71,428.9801,422.02,42.3967
2023-07-04,2.0089,430.37505,421.435,42.3487
2023-07-05,5.5949,431.77,420.85,42.3007
2023-07-06,2.9378,421.79,413.4601,42.0868
2023-07-07,1.8331,432.14,421.8,42.4866
2023-07-10,8.3239,428.11,416.49,42.1638
2023-07-11,5.0689,427.58,420.67,42.3887
2023-07-12,7.9013,439.35,427.7728,43.8851
2023-07-13,4.1423,461.55,444.92,45.9593
2023-07-14,2.2245,480.88,450.6,45.4515
2023-07-17,5.7545,464.96,452.6242,46.4431
2023-07-18,2.5411,478.9599,457.3401,47.4757
2023-07-19,4.1035,478.18,467.42,47.0589
2023-07-20,5.1368,470.87,450.62,45.5025
2023-07-21,3.2824,458.66,441.0,44.292
2023-07-24,6.636000000000001,451.0901,440.4001,44.5948
2023-07-25,3.8554,461.825,449.23,45.6614
2023-07-26,2.34,460.5301,446.3,45.4345
2023-07-27,2.4077,473.95,457.5,45.8823
2023-07-28,3.1569,470.2701,463.81,46.732
2023-07-31,2.5533,471.3,465.0601,46.711
2023-08-01,0.02730000000000005,469.0,460.2701,46.4891
2023-08-02,2.1371,458.4,433.87,44.252
2023-08-03,1.7696,451.18,438.0,44.4979
2023-08-04,2.022,456.42,443.93,44.6628
2023-08-07,3.6922,455.4001,445.6345,45.399
2023-08-08,8.9391,452.42,440.5601,44.6468
2023-08-09,11.2714,443.12,421.34,42.5376
2023-08-10,8.5616,435.74,418.35,42.3717
2023-08-11,4.7499,420.18,406.39,40.8393
2023-08-14,6.6273,438.0,403.11,43.7362
2023-08-15,12.3377,452.68,437.1,43.9231
2023-08-16,9.8255,446.75,434.06,43.4693
2023-08-17,5.6018,440.62,430.01,43.3268
2023-08-18,2.649,435.7799,416.6,43.2823
2023-08-21,17.2612,470.65,442.22,46.9489
2023-08-22,23.4804,481.87,453.331,45.6504
2023-08-23,41.3062,472.0,452.08,47.0979
2023-08-24,59.5293,502.66,471.59,47.1449
2023-08-25,27.5479,478.05,450.24,46.0003
2023-08-28,16.6296,469.8,448.88,46.817
2023-08-29,15.6885,490.81,463.9101,48.7652
2023-08-30,16.5744,499.27,484.25,49.245
2023-08-31,11.7597,497.44,489.58,49.336
2023-09-01,6.1717,498.0,481.416,48.4903
2023-09-04,3.0608,493.25405,480.008,48.5098
2023-09-05,9.5233,488.5081,478.6,48.5293
2023-09-06,5.3698,485.49,465.8,47.0468
2023-09-07,5.3922,463.44,451.5201,46.227
2023-09-08,14.2689,466.06,452.71,45.5582
2023-09-11,9.2696,461.63,443.12,45.1643
2023-09-12,3.4001,456.73,445.31,44.8564
2023-09-13,5.3277,459.3,445.03,45.4712
2023-09-14,7.8028,459.87,451.31,45.5672
2023-09-15,7.8861,455.99,438.08,43.8867
2023-09-18,8.737499999999999,442.42,420.0,43.9527
2023-09-19,0.8687,439.66,430.02,43.5068
2023-09-20,6.3827,439.03,422.23,42.2262
2023-09-21,7.8919,421.0,409.8,41.0046
2023-09-22,5.9655,421.15,412.31,41.5974
2023-09-25,7.488899999999999,425.36,411.77,42.2092
2023-09-26,1.2858,428.2,416.55,41.8983
2023-09-27,3.0322,428.7201,416.2901,42.4552
2023-09-28,5.2481,434.4632,421.15,43.076
2023-09-29,8.8704,441.44,433.0694,43.4858
2023-10-02,9.1507,451.75,438.61,44.7685
2023-10-03,3.2086,451.3,432.46,43.5038
2023-10-04,4.9571,441.43,432.9201,44.0277
2023-10-05,3.3598,449.0,438.88,44.6745
2023-10-06,5.6806,457.89,440.26,45.7482
2023-10-09,6.5463,456.05,443.68,45.2593
2023-10-10,1.2871,462.59,450.88,45.7841
2023-10-11,2.2337,468.5901,460.5,46.7918
2023-10-12,6.1508,476.0901,463.3,46.9308
2023-10-13,4.4128,471.16,452.8,45.4473
2023-10-16,3.7364,462.25,449.12,46.0811
2023-10-17,9.6974,447.54,424.8,43.9247
2023-10-18,13.1823,432.19,418.25,42.1832
2023-10-19,2.7511,432.97,418.82,42.0883
2023-10-20,3.9218,424.7,410.78,41.3745
2023-10-23,8.6057,432.4799,409.45,42.962
2023-10-24,8.6829,436.97,426.9101,43.6498
2023-10-25,3.4187,436.5,415.55,41.7664
2023-10-26,2.474,422.5555,398.8019,40.3138
2023-10-27,1.1651,412.06,400.15,40.4878
2023-10-30,7.2067,417.66,404.81,41.1486
2023-10-31,2.6546,408.79,392.3001,40.7677
2023-11-01,6.2416,423.81,408.69,42.3122
2023-11-02,4.7263,438.84,428.94,43.4928
2023-11-03,2.9296,453.0899,437.23,44.9914
2023-11-06,3.6205,459.35,448.99,45.7372
2023-11-07,8.9399,462.18,451.575,45.9411
2023-11-08,3.3477,468.67,459.68,46.5599
2023-11-09,7.4843,482.3,467.5,46.9358
2023-11-10,10.9193,484.72,472.8302,48.3204
2023-11-13,17.4803,491.16,480.9901,48.6053
2023-11-14,14.6291,498.34,490.4001,49.641
2023-11-15,13.8483,499.6,482.0,48.8732
2023-11-16,9.0346,495.2469,483.3,49.465
2023-11-17,5.599,497.1701,490.07,49.2831
2023-11-20,17.8764,505.48,491.8101,50.3938
2023-11-21,16.4498,505.17,492.22,49.9289
2023-11-22,28.494,503.3494,476.9,48.7013
2023-11-23,13.5341,496.2797,477.175,48.23145
2023-11-24,6.695399999999999,489.21,477.45,47.7616
2023-11-27,9.0735,485.3,476.5201,48.2274
2023-11-28,5.8477,483.229,474.73,47.8065
2023-11-29,9.968,487.62,478.6,48.1254
2023-11-30,5.7736,481.1,464.22,46.7559
2023-12-01,4.5511,472.0,461.87,46.7509
2023-12-04,7.5989,460.77,450.1001,45.4962
2023-12-05,7.7354,466.0,452.71,46.556
2023-12-06,9.8287,473.87,454.12,45.4932
2023-12-07,9.5091,466.29,456.04,46.586
2023-12-08,12.7122,477.4085,465.5,47.4958
2023-12-11,9.276499999999999,475.31,458.3,46.617
2023-12-12,8.0794,476.66,460.46,47.6468
2023-12-13,5.7563,485.94,476.08,48.0777
2023-12-14,2.5616,486.7,474.22,48.3396
2023-12-15,4.3553,494.04,481.2,48.8795
2023-12-18,9.3661,504.3299,491.5,50.0663
2023-12-19,6.3746,497.0,488.95,49.5934
2023-12-20,5.5438,499.99,480.98,48.1007
2023-12-21,4.727,490.95,484.19,48.9795
2023-12-22,9.9002,493.83,484.6701,48.8195
2023-12-25,5.8628,494.915,487.13505,49.04395
2023-12-26,1.0125,496.0,489.6,49.2684
2023-12-27,7.3019,496.8,490.85,49.4064
2023-12-28,6.9296,498.8399,494.12,49.5114
2023-12-29,16.4631,499.9701,487.51,49.5114
2024-01-01,6.1587,496.46005,481.73,48.83455
2024-01-02,3.9789,492.95,475.95,48.1577
2024-01-03,5.193,481.841,473.2,47.5588
2024-01-04,0.7742,485.0,475.08,47.9877
2024-01-05,5.908300000000001,495.47,483.0601,49.0865
2024-01-08,7.4018,522.75,494.79,52.2418
2024-01-09,20.8108,543.25,516.9,53.1286
2024-01-10,12.8471,546.0,534.89,54.3383
2024-01-11,6.8483,553.46,535.6,54.8102
2024-01-12,6.1231,549.7,543.3008,54.6983
2024-01-15,17.4632,559.02495,546.1504,55.5341
2024-01-16,0.008199999999999985,568.3499,549.0,56.3699
2024-01-17,6.0239,564.7068,547.4,56.041
2024-01-18,4.8563,576.0,561.07,57.0947
2024-01-19,3.0595,595.0,572.25,59.4782
2024-01-22,12.6165,603.31,590.7,59.6412
2024-01-23,7.1104,599.1,585.85,59.8602
2024-01-24,8.0541,628.49,599.38,61.3488
2024-01-25,6.8608,627.19,608.5,61.6038
2024-01-26,7.4466,617.83,605.73,61.0179
2024-01-29,14.4292,624.89,609.07,62.4516
2024-01-30,3.6961,634.93,622.6,62.7605
2024-01-31,7.1918,622.6902,607.0,61.5138
2024-02-01,8.1647,631.91,616.5,63.0135
2024-02-02,8.7401,666.0,636.9,66.1458
2024-02-05,12.586,694.97,672.0501,69.3171
2024-02-06,13.5849,697.5399,663.0,68.2084
2024-02-07,8.4822,702.2,676.0,70.084
2024-02-08,8.923399999999999,707.94,694.5501,69.6261
2024-02-09,9.8126,721.85,702.12,72.1175
2024-02-12,17.2996,746.11,712.5,72.2325
2024-02-13,12.7723,734.5001,696.2,72.1125
2024-02-14,16.9426,742.36,719.38,73.8841
2024-02-15,19.0903,739.75,724.0,72.6424
2024-02-16,15.0004,744.02,725.01,72.5974
2024-02-19,22.3551,731.79,701.175,71.01724999999999
2024-02-20,16.1417,719.56,677.34,69.4371
2024-02-21,13.157,688.88,662.48,67.4575
2024-02-22,51.808,785.7501,742.2,78.5211
2024-02-23,48.11,823.9401,775.7,78.8001
2024-02-26,35.9418,806.4599,785.05,79.075
2024-02-27,15.157,794.8,771.62,78.6841
2024-02-28,10.7669,789.3301,771.25,77.6463
2024-02-29,12.9821,799.9,783.5,79.095
2024-03-01,6.7186,823.0,794.3503,82.2613
